"facility_id","facility_name","facility_type","city","district","state","facility_identifier","verification_status","source_type"
"FAC-KER-0001","NeuroCare Reference Clinic 0001","CLINIC","Thrissur","Thrissur","Kerala","SYN-FAC-KER-0001","PENDING","SYNTHETIC_REFERENCE"
"FAC-KER-0002","NeuroCare Reference Medical Institute 0002","PRIVATE_HOSPITAL","Kozhikode","Kozhikode","Kerala","SYN-FAC-KER-0002","VERIFIED","SYNTHETIC_REFERENCE"
"FAC-KER-0003","NeuroCare Reference Medical College & Hospital 0003","MEDICAL_COLLEGE_HOSPITAL","Thrissur","Thrissur","Kerala","SYN-FAC-KER-0003","VERIFIED","SYNTHETIC_REFERENCE"
"FAC-KER-0004","NeuroCare Reference Medical Centre 0004","PRIVATE_HOSPITAL","Thrissur","Thrissur","Kerala","SYN-FAC-KER-0004","VERIFIED","SYNTHETIC_REFERENCE"
"FAC-KER-0005","NeuroCare Reference Healthcare Centre 0005","HEALTHCARE_CENTRE","Kannur","Kannur","Kerala","SYN-FAC-KER-0005","VERIFIED","SYNTHETIC_REFERENCE"
"FAC-KER-0006","NeuroCare Reference Government Hospital 0006","GOVERNMENT_HOSPITAL","Thrissur","Thrissur","Kerala","SYN-FAC-KER-0006","PENDING","SYNTHETIC_REFERENCE"
"FAC-KER-0007","NeuroCare Reference Government Hospital 0007","GOVERNMENT_HOSPITAL","Thiruvananthapuram","Thiruvananthapuram","Kerala","SYN-FAC-KER-0007","VERIFIED","SYNTHETIC_REFERENCE"
"FAC-KER-0008","NeuroCare Reference Medical Foundation 0008","PRIVATE_HOSPITAL","Thiruvananthapuram","Thiruvananthapuram","Kerala","SYN-FAC-KER-0008","PENDING","SYNTHETIC_REFERENCE"
"FAC-KER-0009","NeuroCare Reference Healthcare Centre 0009","HEALTHCARE_CENTRE","Palakkad","Palakkad","Kerala","SYN-FAC-KER-0009","VERIFIED","SYNTHETIC_REFERENCE"
"FAC-KER-0010","NeuroCare Reference Clinic 0010","CLINIC","Palakkad","Palakkad","Kerala","SYN-FAC-KER-0010","PENDING","SYNTHETIC_REFERENCE"
"FAC-KER-0011","NeuroCare Reference Healthcare Centre 0011","HEALTHCARE_CENTRE","Palakkad","Palakkad","Kerala","SYN-FAC-KER-0011","VERIFIED","SYNTHETIC_REFERENCE"
"FAC-KER-0012","NeuroCare Reference Health Centre 0012","PRIVATE_HOSPITAL","Kochi","Kochi","Kerala","SYN-FAC-KER-0012","PENDING","SYNTHETIC_REFERENCE"
"FAC-KER-0013","NeuroCare Reference Specialty Hospital 0013","SPECIALTY_HOSPITAL","Palakkad","Palakkad","Kerala","SYN-FAC-KER-0013","VERIFIED","SYNTHETIC_REFERENCE"
"FAC-KER-0014","NeuroCare Reference Medical Foundation 0014","PRIVATE_HOSPITAL","Kozhikode","Kozhikode","Kerala","SYN-FAC-KER-0014","VERIFIED","SYNTHETIC_REFERENCE"
"FAC-KER-0015","NeuroCare Reference Government Hospital 0015","GOVERNMENT_HOSPITAL","Kochi","Kochi","Kerala","SYN-FAC-KER-0015","PENDING","SYNTHETIC_REFERENCE"
"FAC-KER-0016","NeuroCare Reference Health Centre 0016","PRIVATE_HOSPITAL","Kannur","Kannur","Kerala","SYN-FAC-KER-0016","PENDING","SYNTHETIC_REFERENCE"
"FAC-KER-0017","NeuroCare Reference Healthcare Centre 0017","HEALTHCARE_CENTRE","Kozhikode","Kozhikode","Kerala","SYN-FAC-KER-0017","PENDING","SYNTHETIC_REFERENCE"
"FAC-KER-0018","NeuroCare Reference Specialty Hospital 0018","SPECIALTY_HOSPITAL","Thrissur","Thrissur","Kerala","SYN-FAC-KER-0018","PENDING","SYNTHETIC_REFERENCE"
"FAC-KER-0019","NeuroCare Reference Government Hospital 0019","GOVERNMENT_HOSPITAL","Palakkad","Palakkad","Kerala","SYN-FAC-KER-0019","VERIFIED","SYNTHETIC_REFERENCE"
"FAC-KER-0020","NeuroCare Reference Government Hospital 0020","GOVERNMENT_HOSPITAL","Thiruvananthapuram","Thiruvananthapuram","Kerala","SYN-FAC-KER-0020","PENDING","SYNTHETIC_REFERENCE"
"FAC-KER-0021","NeuroCare Reference Medical Academy 0021","PRIVATE_HOSPITAL","Thrissur","Thrissur","Kerala","SYN-FAC-KER-0021","VERIFIED","SYNTHETIC_REFERENCE"
"FAC-KER-0022","NeuroCare Reference Healthcare Centre 0022","HEALTHCARE_CENTRE","Kozhikode","Kozhikode","Kerala","SYN-FAC-KER-0022","PENDING","SYNTHETIC_REFERENCE"
"FAC-KER-0023","NeuroCare Reference Healthcare Centre 0023","HEALTHCARE_CENTRE","Kochi","Kochi","Kerala","SYN-FAC-KER-0023","PENDING","SYNTHETIC_REFERENCE"
"FAC-KER-0024","NeuroCare Reference Specialty Hospital 0024","SPECIALTY_HOSPITAL","Thrissur","Thrissur","Kerala","SYN-FAC-KER-0024","VERIFIED","SYNTHETIC_REFERENCE"
"FAC-KER-0025","NeuroCare Reference Hospital 0025","PRIVATE_HOSPITAL","Palakkad","Palakkad","Kerala","SYN-FAC-KER-0025","VERIFIED","SYNTHETIC_REFERENCE"
"FAC-TN-0026","NeuroCare Reference Clinic 0026","CLINIC","Chennai","Chennai","Tamil Nadu","SYN-FAC-TN-0026","PENDING","SYNTHETIC_REFERENCE"
"FAC-TN-0027","NeuroCare Reference Specialty Hospital 0027","SPECIALTY_HOSPITAL","Salem","Salem","Tamil Nadu","SYN-FAC-TN-0027","VERIFIED","SYNTHETIC_REFERENCE"
"FAC-TN-0028","NeuroCare Reference Healthcare Centre 0028","HEALTHCARE_CENTRE","Tiruchirappalli","Tiruchirappalli","Tamil Nadu","SYN-FAC-TN-0028","VERIFIED","SYNTHETIC_REFERENCE"
"FAC-TN-0029","NeuroCare Reference Government Hospital 0029","GOVERNMENT_HOSPITAL","Tiruchirappalli","Tiruchirappalli","Tamil Nadu","SYN-FAC-TN-0029","PENDING","SYNTHETIC_REFERENCE"
"FAC-TN-0030","NeuroCare Reference Medical College & Hospital 0030","MEDICAL_COLLEGE_HOSPITAL","Chennai","Chennai","Tamil Nadu","SYN-FAC-TN-0030","VERIFIED","SYNTHETIC_REFERENCE"
"FAC-TN-0031","NeuroCare Reference Clinic 0031","CLINIC","Salem","Salem","Tamil Nadu","SYN-FAC-TN-0031","VERIFIED","SYNTHETIC_REFERENCE"
"FAC-TN-0032","NeuroCare Reference Government Hospital 0032","GOVERNMENT_HOSPITAL","Salem","Salem","Tamil Nadu","SYN-FAC-TN-0032","VERIFIED","SYNTHETIC_REFERENCE"
"FAC-TN-0033","NeuroCare Reference Healthcare Institute 0033","PRIVATE_HOSPITAL","Coimbatore","Coimbatore","Tamil Nadu","SYN-FAC-TN-0033","PENDING","SYNTHETIC_REFERENCE"
"FAC-TN-0034","NeuroCare Reference Clinic 0034","CLINIC","Madurai","Madurai","Tamil Nadu","SYN-FAC-TN-0034","PENDING","SYNTHETIC_REFERENCE"
"FAC-TN-0035","NeuroCare Reference Healthcare Centre 0035","HEALTHCARE_CENTRE","Madurai","Madurai","Tamil Nadu","SYN-FAC-TN-0035","PENDING","SYNTHETIC_REFERENCE"
"FAC-TN-0036","NeuroCare Reference Medical Centre 0036","PRIVATE_HOSPITAL","Madurai","Madurai","Tamil Nadu","SYN-FAC-TN-0036","VERIFIED","SYNTHETIC_REFERENCE"
"FAC-TN-0037","NeuroCare Reference Government Hospital 0037","GOVERNMENT_HOSPITAL","Chennai","Chennai","Tamil Nadu","SYN-FAC-TN-0037","VERIFIED","SYNTHETIC_REFERENCE"
"FAC-TN-0038","NeuroCare Reference Medical College & Hospital 0038","MEDICAL_COLLEGE_HOSPITAL","Chennai","Chennai","Tamil Nadu","SYN-FAC-TN-0038","PENDING","SYNTHETIC_REFERENCE"
"FAC-TN-0039","NeuroCare Reference Medical College & Hospital 0039","MEDICAL_COLLEGE_HOSPITAL","Chennai","Chennai","Tamil Nadu","SYN-FAC-TN-0039","VERIFIED","SYNTHETIC_REFERENCE"
"FAC-TN-0040","NeuroCare Reference Medical College & Hospital 0040","MEDICAL_COLLEGE_HOSPITAL","Chennai","Chennai","Tamil Nadu","SYN-FAC-TN-0040","VERIFIED","SYNTHETIC_REFERENCE"
"FAC-TN-0041","NeuroCare Reference Clinic 0041","CLINIC","Madurai","Madurai","Tamil Nadu","SYN-FAC-TN-0041","PENDING","SYNTHETIC_REFERENCE"
"FAC-TN-0042","NeuroCare Reference Medical College & Hospital 0042","MEDICAL_COLLEGE_HOSPITAL","Salem","Salem","Tamil Nadu","SYN-FAC-TN-0042","VERIFIED","SYNTHETIC_REFERENCE"
"FAC-TN-0043","NeuroCare Reference Specialty Hospital 0043","SPECIALTY_HOSPITAL","Chennai","Chennai","Tamil Nadu","SYN-FAC-TN-0043","PENDING","SYNTHETIC_REFERENCE"
"FAC-TN-0044","NeuroCare Reference Specialty Hospital 0044","SPECIALTY_HOSPITAL","Tiruchirappalli","Tiruchirappalli","Tamil Nadu","SYN-FAC-TN-0044","PENDING","SYNTHETIC_REFERENCE"
"FAC-TN-0045","NeuroCare Reference Specialty Hospital 0045","SPECIALTY_HOSPITAL","Tiruchirappalli","Tiruchirappalli","Tamil Nadu","SYN-FAC-TN-0045","VERIFIED","SYNTHETIC_REFERENCE"
"FAC-TN-0046","NeuroCare Reference Healthcare Centre 0046","HEALTHCARE_CENTRE","Chennai","Chennai","Tamil Nadu","SYN-FAC-TN-0046","VERIFIED","SYNTHETIC_REFERENCE"
"FAC-TN-0047","NeuroCare Reference Healthcare Centre 0047","HEALTHCARE_CENTRE","Coimbatore","Coimbatore","Tamil Nadu","SYN-FAC-TN-0047","VERIFIED","SYNTHETIC_REFERENCE"
"FAC-TN-0048","NeuroCare Reference Healthcare Centre 0048","HEALTHCARE_CENTRE","Salem","Salem","Tamil Nadu","SYN-FAC-TN-0048","VERIFIED","SYNTHETIC_REFERENCE"
"FAC-TN-0049","NeuroCare Reference Healthcare Centre 0049","HEALTHCARE_CENTRE","Madurai","Madurai","Tamil Nadu","SYN-FAC-TN-0049","VERIFIED","SYNTHETIC_REFERENCE"
"FAC-TN-0050","NeuroCare Reference Medical College & Hospital 0050","MEDICAL_COLLEGE_HOSPITAL","Tiruchirappalli","Tiruchirappalli","Tamil Nadu","SYN-FAC-TN-0050","PENDING","SYNTHETIC_REFERENCE"
"FAC-KA-0051","NeuroCare Reference Medical College & Hospital 0051","MEDICAL_COLLEGE_HOSPITAL","Kalaburagi","Kalaburagi","Karnataka","SYN-FAC-KA-0051","VERIFIED","SYNTHETIC_REFERENCE"
"FAC-KA-0052","NeuroCare Reference Healthcare Institute 0052","PRIVATE_HOSPITAL","Mangaluru","Mangaluru","Karnataka","SYN-FAC-KA-0052","VERIFIED","SYNTHETIC_REFERENCE"
"FAC-KA-0053","NeuroCare Reference Specialty Hospital 0053","SPECIALTY_HOSPITAL","Kalaburagi","Kalaburagi","Karnataka","SYN-FAC-KA-0053","VERIFIED","SYNTHETIC_REFERENCE"
"FAC-KA-0054","NeuroCare Reference Specialty Hospital 0054","SPECIALTY_HOSPITAL","Mysuru","Mysuru","Karnataka","SYN-FAC-KA-0054","VERIFIED","SYNTHETIC_REFERENCE"
"FAC-KA-0055","NeuroCare Reference Government Hospital 0055","GOVERNMENT_HOSPITAL","Belagavi","Belagavi","Karnataka","SYN-FAC-KA-0055","PENDING","SYNTHETIC_REFERENCE"
"FAC-KA-0056","NeuroCare Reference Research Hospital 0056","PRIVATE_HOSPITAL","Bengaluru","Bengaluru","Karnataka","SYN-FAC-KA-0056","VERIFIED","SYNTHETIC_REFERENCE"
"FAC-KA-0057","NeuroCare Reference Government Hospital 0057","GOVERNMENT_HOSPITAL","Bengaluru","Bengaluru","Karnataka","SYN-FAC-KA-0057","VERIFIED","SYNTHETIC_REFERENCE"
"FAC-KA-0058","NeuroCare Reference Hospital 0058","PRIVATE_HOSPITAL","Mysuru","Mysuru","Karnataka","SYN-FAC-KA-0058","VERIFIED","SYNTHETIC_REFERENCE"
"FAC-KA-0059","NeuroCare Reference Medical College & Hospital 0059","MEDICAL_COLLEGE_HOSPITAL","Bengaluru","Bengaluru","Karnataka","SYN-FAC-KA-0059","VERIFIED","SYNTHETIC_REFERENCE"
"FAC-KA-0060","NeuroCare Reference Government Hospital 0060","GOVERNMENT_HOSPITAL","Mangaluru","Mangaluru","Karnataka","SYN-FAC-KA-0060","VERIFIED","SYNTHETIC_REFERENCE"
"FAC-KA-0061","NeuroCare Reference Medical Foundation 0061","PRIVATE_HOSPITAL","Belagavi","Belagavi","Karnataka","SYN-FAC-KA-0061","PENDING","SYNTHETIC_REFERENCE"
"FAC-KA-0062","NeuroCare Reference Medical Institute 0062","PRIVATE_HOSPITAL","Mysuru","Mysuru","Karnataka","SYN-FAC-KA-0062","PENDING","SYNTHETIC_REFERENCE"
"FAC-KA-0063","NeuroCare Reference Medical College & Hospital 0063","MEDICAL_COLLEGE_HOSPITAL","Bengaluru","Bengaluru","Karnataka","SYN-FAC-KA-0063","PENDING","SYNTHETIC_REFERENCE"
"FAC-KA-0064","NeuroCare Reference Specialty Hospital 0064","SPECIALTY_HOSPITAL","Kalaburagi","Kalaburagi","Karnataka","SYN-FAC-KA-0064","VERIFIED","SYNTHETIC_REFERENCE"
"FAC-KA-0065","NeuroCare Reference Medical College & Hospital 0065","MEDICAL_COLLEGE_HOSPITAL","Mangaluru","Mangaluru","Karnataka","SYN-FAC-KA-0065","VERIFIED","SYNTHETIC_REFERENCE"
"FAC-KA-0066","NeuroCare Reference Healthcare Centre 0066","HEALTHCARE_CENTRE","Bengaluru","Bengaluru","Karnataka","SYN-FAC-KA-0066","VERIFIED","SYNTHETIC_REFERENCE"
"FAC-KA-0067","NeuroCare Reference Healthcare Centre 0067","HEALTHCARE_CENTRE","Mangaluru","Mangaluru","Karnataka","SYN-FAC-KA-0067","PENDING","SYNTHETIC_REFERENCE"
"FAC-KA-0068","NeuroCare Reference Medical College & Hospital 0068","MEDICAL_COLLEGE_HOSPITAL","Mangaluru","Mangaluru","Karnataka","SYN-FAC-KA-0068","VERIFIED","SYNTHETIC_REFERENCE"
"FAC-KA-0069","NeuroCare Reference Clinic 0069","CLINIC","Belagavi","Belagavi","Karnataka","SYN-FAC-KA-0069","VERIFIED","SYNTHETIC_REFERENCE"
"FAC-KA-0070","NeuroCare Reference Government Hospital 0070","GOVERNMENT_HOSPITAL","Kalaburagi","Kalaburagi","Karnataka","SYN-FAC-KA-0070","VERIFIED","SYNTHETIC_REFERENCE"
"FAC-KA-0071","NeuroCare Reference Government Hospital 0071","GOVERNMENT_HOSPITAL","Hubballi","Hubballi","Karnataka","SYN-FAC-KA-0071","VERIFIED","SYNTHETIC_REFERENCE"
"FAC-KA-0072","NeuroCare Reference Specialty Hospital 0072","SPECIALTY_HOSPITAL","Kalaburagi","Kalaburagi","Karnataka","SYN-FAC-KA-0072","VERIFIED","SYNTHETIC_REFERENCE"
"FAC-KA-0073","NeuroCare Reference Medical Institute 0073","PRIVATE_HOSPITAL","Hubballi","Hubballi","Karnataka","SYN-FAC-KA-0073","VERIFIED","SYNTHETIC_REFERENCE"
"FAC-KA-0074","NeuroCare Reference Research Hospital 0074","PRIVATE_HOSPITAL","Mysuru","Mysuru","Karnataka","SYN-FAC-KA-0074","VERIFIED","SYNTHETIC_REFERENCE"
"FAC-KA-0075","NeuroCare Reference Clinic 0075","CLINIC","Bengaluru","Bengaluru","Karnataka","SYN-FAC-KA-0075","VERIFIED","SYNTHETIC_REFERENCE"
"FAC-MH-0076","NeuroCare Reference Medical Institute 0076","PRIVATE_HOSPITAL","Mumbai","Mumbai","Maharashtra","SYN-FAC-MH-0076","VERIFIED","SYNTHETIC_REFERENCE"
"FAC-MH-0077","NeuroCare Reference Medical College & Hospital 0077","MEDICAL_COLLEGE_HOSPITAL","Solapur","Solapur","Maharashtra","SYN-FAC-MH-0077","VERIFIED","SYNTHETIC_REFERENCE"
"FAC-MH-0078","NeuroCare Reference Healthcare Centre 0078","HEALTHCARE_CENTRE","Nashik","Nashik","Maharashtra","SYN-FAC-MH-0078","VERIFIED","SYNTHETIC_REFERENCE"
"FAC-MH-0079","NeuroCare Reference Specialty Hospital 0079","SPECIALTY_HOSPITAL","Mumbai","Mumbai","Maharashtra","SYN-FAC-MH-0079","VERIFIED","SYNTHETIC_REFERENCE"
"FAC-MH-0080","NeuroCare Reference Medical College & Hospital 0080","MEDICAL_COLLEGE_HOSPITAL","Pune","Pune","Maharashtra","SYN-FAC-MH-0080","PENDING","SYNTHETIC_REFERENCE"
"FAC-MH-0081","NeuroCare Reference Specialty Hospital 0081","SPECIALTY_HOSPITAL","Solapur","Solapur","Maharashtra","SYN-FAC-MH-0081","PENDING","SYNTHETIC_REFERENCE"
"FAC-MH-0082","NeuroCare Reference Specialty Hospital 0082","SPECIALTY_HOSPITAL","Mumbai","Mumbai","Maharashtra","SYN-FAC-MH-0082","VERIFIED","SYNTHETIC_REFERENCE"
"FAC-MH-0083","NeuroCare Reference Wellness Centre 0083","PRIVATE_HOSPITAL","Nashik","Nashik","Maharashtra","SYN-FAC-MH-0083","VERIFIED","SYNTHETIC_REFERENCE"
"FAC-MH-0084","NeuroCare Reference Medical Academy 0084","PRIVATE_HOSPITAL","Nashik","Nashik","Maharashtra","SYN-FAC-MH-0084","VERIFIED","SYNTHETIC_REFERENCE"
"FAC-MH-0085","NeuroCare Reference Healthcare Institute 0085","PRIVATE_HOSPITAL","Pune","Pune","Maharashtra","SYN-FAC-MH-0085","VERIFIED","SYNTHETIC_REFERENCE"
"FAC-MH-0086","NeuroCare Reference Clinic 0086","CLINIC","Mumbai","Mumbai","Maharashtra","SYN-FAC-MH-0086","PENDING","SYNTHETIC_REFERENCE"
"FAC-MH-0087","NeuroCare Reference Medical College & Hospital 0087","MEDICAL_COLLEGE_HOSPITAL","Pune","Pune","Maharashtra","SYN-FAC-MH-0087","VERIFIED","SYNTHETIC_REFERENCE"
"FAC-MH-0088","NeuroCare Reference Clinic 0088","CLINIC","Pune","Pune","Maharashtra","SYN-FAC-MH-0088","VERIFIED","SYNTHETIC_REFERENCE"
"FAC-MH-0089","NeuroCare Reference Healthcare Centre 0089","HEALTHCARE_CENTRE","Pune","Pune","Maharashtra","SYN-FAC-MH-0089","VERIFIED","SYNTHETIC_REFERENCE"
"FAC-MH-0090","NeuroCare Reference Government Hospital 0090","GOVERNMENT_HOSPITAL","Solapur","Solapur","Maharashtra","SYN-FAC-MH-0090","PENDING","SYNTHETIC_REFERENCE"
"FAC-MH-0091","NeuroCare Reference Clinic 0091","CLINIC","Nagpur","Nagpur","Maharashtra","SYN-FAC-MH-0091","VERIFIED","SYNTHETIC_REFERENCE"
"FAC-MH-0092","NeuroCare Reference Healthcare Centre 0092","HEALTHCARE_CENTRE","Solapur","Solapur","Maharashtra","SYN-FAC-MH-0092","PENDING","SYNTHETIC_REFERENCE"
"FAC-MH-0093","NeuroCare Reference Medical College & Hospital 0093","MEDICAL_COLLEGE_HOSPITAL","Aurangabad","Aurangabad","Maharashtra","SYN-FAC-MH-0093","VERIFIED","SYNTHETIC_REFERENCE"
"FAC-MH-0094","NeuroCare Reference Specialty Hospital 0094","SPECIALTY_HOSPITAL","Pune","Pune","Maharashtra","SYN-FAC-MH-0094","VERIFIED","SYNTHETIC_REFERENCE"
"FAC-MH-0095","NeuroCare Reference Clinic 0095","CLINIC","Nashik","Nashik","Maharashtra","SYN-FAC-MH-0095","PENDING","SYNTHETIC_REFERENCE"
"FAC-MH-0096","NeuroCare Reference Specialty Hospital 0096","SPECIALTY_HOSPITAL","Pune","Pune","Maharashtra","SYN-FAC-MH-0096","VERIFIED","SYNTHETIC_REFERENCE"
"FAC-MH-0097","NeuroCare Reference Government Hospital 0097","GOVERNMENT_HOSPITAL","Pune","Pune","Maharashtra","SYN-FAC-MH-0097","VERIFIED","SYNTHETIC_REFERENCE"
"FAC-MH-0098","NeuroCare Reference Medical College & Hospital 0098","MEDICAL_COLLEGE_HOSPITAL","Solapur","Solapur","Maharashtra","SYN-FAC-MH-0098","VERIFIED","SYNTHETIC_REFERENCE"
"FAC-MH-0099","NeuroCare Reference Healthcare Centre 0099","HEALTHCARE_CENTRE","Solapur","Solapur","Maharashtra","SYN-FAC-MH-0099","PENDING","SYNTHETIC_REFERENCE"
"FAC-MH-0100","NeuroCare Reference Healthcare Centre 0100","HEALTHCARE_CENTRE","Nagpur","Nagpur","Maharashtra","SYN-FAC-MH-0100","PENDING","SYNTHETIC_REFERENCE"
"FAC-DL-0101","NeuroCare Reference Clinic 0101","CLINIC","North Delhi","North Delhi","Delhi","SYN-FAC-DL-0101","VERIFIED","SYNTHETIC_REFERENCE"
"FAC-DL-0102","NeuroCare Reference Specialty Hospital 0102","SPECIALTY_HOSPITAL","East Delhi","East Delhi","Delhi","SYN-FAC-DL-0102","PENDING","SYNTHETIC_REFERENCE"
"FAC-DL-0103","NeuroCare Reference Clinic 0103","CLINIC","West Delhi","West Delhi","Delhi","SYN-FAC-DL-0103","VERIFIED","SYNTHETIC_REFERENCE"
"FAC-DL-0104","NeuroCare Reference Specialty Hospital 0104","SPECIALTY_HOSPITAL","South Delhi","South Delhi","Delhi","SYN-FAC-DL-0104","VERIFIED","SYNTHETIC_REFERENCE"
"FAC-DL-0105","NeuroCare Reference Medical College & Hospital 0105","MEDICAL_COLLEGE_HOSPITAL","North Delhi","North Delhi","Delhi","SYN-FAC-DL-0105","VERIFIED","SYNTHETIC_REFERENCE"
"FAC-DL-0106","NeuroCare Reference Government Hospital 0106","GOVERNMENT_HOSPITAL","West Delhi","West Delhi","Delhi","SYN-FAC-DL-0106","VERIFIED","SYNTHETIC_REFERENCE"
"FAC-DL-0107","NeuroCare Reference Medical College & Hospital 0107","MEDICAL_COLLEGE_HOSPITAL","East Delhi","East Delhi","Delhi","SYN-FAC-DL-0107","VERIFIED","SYNTHETIC_REFERENCE"
"FAC-DL-0108","NeuroCare Reference Medical College & Hospital 0108","MEDICAL_COLLEGE_HOSPITAL","North Delhi","North Delhi","Delhi","SYN-FAC-DL-0108","VERIFIED","SYNTHETIC_REFERENCE"
"FAC-DL-0109","NeuroCare Reference Clinic 0109","CLINIC","New Delhi","New Delhi","Delhi","SYN-FAC-DL-0109","VERIFIED","SYNTHETIC_REFERENCE"
"FAC-DL-0110","NeuroCare Reference Clinic 0110","CLINIC","East Delhi","East Delhi","Delhi","SYN-FAC-DL-0110","VERIFIED","SYNTHETIC_REFERENCE"
"FAC-DL-0111","NeuroCare Reference Specialty Hospital 0111","SPECIALTY_HOSPITAL","North Delhi","North Delhi","Delhi","SYN-FAC-DL-0111","VERIFIED","SYNTHETIC_REFERENCE"
"FAC-DL-0112","NeuroCare Reference Government Hospital 0112","GOVERNMENT_HOSPITAL","East Delhi","East Delhi","Delhi","SYN-FAC-DL-0112","PENDING","SYNTHETIC_REFERENCE"
"FAC-DL-0113","NeuroCare Reference Government Hospital 0113","GOVERNMENT_HOSPITAL","North Delhi","North Delhi","Delhi","SYN-FAC-DL-0113","VERIFIED","SYNTHETIC_REFERENCE"
"FAC-DL-0114","NeuroCare Reference Healthcare Institute 0114","PRIVATE_HOSPITAL","East Delhi","East Delhi","Delhi","SYN-FAC-DL-0114","PENDING","SYNTHETIC_REFERENCE"
"FAC-DL-0115","NeuroCare Reference Wellness Centre 0115","PRIVATE_HOSPITAL","East Delhi","East Delhi","Delhi","SYN-FAC-DL-0115","PENDING","SYNTHETIC_REFERENCE"
"FAC-DL-0116","NeuroCare Reference Medical College & Hospital 0116","MEDICAL_COLLEGE_HOSPITAL","New Delhi","New Delhi","Delhi","SYN-FAC-DL-0116","PENDING","SYNTHETIC_REFERENCE"
"FAC-DL-0117","NeuroCare Reference Healthcare Centre 0117","HEALTHCARE_CENTRE","North Delhi","North Delhi","Delhi","SYN-FAC-DL-0117","PENDING","SYNTHETIC_REFERENCE"
"FAC-DL-0118","NeuroCare Reference Specialty Hospital 0118","SPECIALTY_HOSPITAL","North Delhi","North Delhi","Delhi","SYN-FAC-DL-0118","PENDING","SYNTHETIC_REFERENCE"
"FAC-DL-0119","NeuroCare Reference Healthcare Centre 0119","HEALTHCARE_CENTRE","South Delhi","South Delhi","Delhi","SYN-FAC-DL-0119","PENDING","SYNTHETIC_REFERENCE"
"FAC-DL-0120","NeuroCare Reference Specialty Hospital 0120","SPECIALTY_HOSPITAL","North Delhi","North Delhi","Delhi","SYN-FAC-DL-0120","VERIFIED","SYNTHETIC_REFERENCE"
"FAC-DL-0121","NeuroCare Reference Clinic 0121","CLINIC","West Delhi","West Delhi","Delhi","SYN-FAC-DL-0121","VERIFIED","SYNTHETIC_REFERENCE"
"FAC-DL-0122","NeuroCare Reference Government Hospital 0122","GOVERNMENT_HOSPITAL","North Delhi","North Delhi","Delhi","SYN-FAC-DL-0122","VERIFIED","SYNTHETIC_REFERENCE"
"FAC-DL-0123","NeuroCare Reference Medical Institute 0123","PRIVATE_HOSPITAL","South Delhi","South Delhi","Delhi","SYN-FAC-DL-0123","PENDING","SYNTHETIC_REFERENCE"
"FAC-DL-0124","NeuroCare Reference Medical College & Hospital 0124","MEDICAL_COLLEGE_HOSPITAL","New Delhi","New Delhi","Delhi","SYN-FAC-DL-0124","VERIFIED","SYNTHETIC_REFERENCE"
"FAC-DL-0125","NeuroCare Reference Healthcare Centre 0125","HEALTHCARE_CENTRE","South Delhi","South Delhi","Delhi","SYN-FAC-DL-0125","PENDING","SYNTHETIC_REFERENCE"
"FAC-TG-0126","NeuroCare Reference Medical College & Hospital 0126","MEDICAL_COLLEGE_HOSPITAL","Warangal","Warangal","Telangana","SYN-FAC-TG-0126","PENDING","SYNTHETIC_REFERENCE"
"FAC-TG-0127","NeuroCare Reference Specialty Hospital 0127","PRIVATE_HOSPITAL","Nizamabad","Nizamabad","Telangana","SYN-FAC-TG-0127","PENDING","SYNTHETIC_REFERENCE"
"FAC-TG-0128","NeuroCare Reference Clinic 0128","CLINIC","Karimnagar","Karimnagar","Telangana","SYN-FAC-TG-0128","PENDING","SYNTHETIC_REFERENCE"
"FAC-TG-0129","NeuroCare Reference Clinic 0129","CLINIC","Karimnagar","Karimnagar","Telangana","SYN-FAC-TG-0129","VERIFIED","SYNTHETIC_REFERENCE"
"FAC-TG-0130","NeuroCare Reference Medical College & Hospital 0130","MEDICAL_COLLEGE_HOSPITAL","Warangal","Warangal","Telangana","SYN-FAC-TG-0130","VERIFIED","SYNTHETIC_REFERENCE"
"FAC-TG-0131","NeuroCare Reference Research Hospital 0131","PRIVATE_HOSPITAL","Khammam","Khammam","Telangana","SYN-FAC-TG-0131","VERIFIED","SYNTHETIC_REFERENCE"
"FAC-TG-0132","NeuroCare Reference Government Hospital 0132","GOVERNMENT_HOSPITAL","Karimnagar","Karimnagar","Telangana","SYN-FAC-TG-0132","VERIFIED","SYNTHETIC_REFERENCE"
"FAC-TG-0133","NeuroCare Reference Clinic 0133","CLINIC","Hyderabad","Hyderabad","Telangana","SYN-FAC-TG-0133","VERIFIED","SYNTHETIC_REFERENCE"
"FAC-TG-0134","NeuroCare Reference Medical Foundation 0134","PRIVATE_HOSPITAL","Warangal","Warangal","Telangana","SYN-FAC-TG-0134","PENDING","SYNTHETIC_REFERENCE"
"FAC-TG-0135","NeuroCare Reference Specialty Hospital 0135","SPECIALTY_HOSPITAL","Karimnagar","Karimnagar","Telangana","SYN-FAC-TG-0135","VERIFIED","SYNTHETIC_REFERENCE"
"FAC-TG-0136","NeuroCare Reference Healthcare Centre 0136","HEALTHCARE_CENTRE","Khammam","Khammam","Telangana","SYN-FAC-TG-0136","PENDING","SYNTHETIC_REFERENCE"
"FAC-TG-0137","NeuroCare Reference Medical College & Hospital 0137","MEDICAL_COLLEGE_HOSPITAL","Nizamabad","Nizamabad","Telangana","SYN-FAC-TG-0137","PENDING","SYNTHETIC_REFERENCE"
"FAC-TG-0138","NeuroCare Reference Clinic 0138","CLINIC","Khammam","Khammam","Telangana","SYN-FAC-TG-0138","VERIFIED","SYNTHETIC_REFERENCE"
"FAC-TG-0139","NeuroCare Reference Specialty Hospital 0139","SPECIALTY_HOSPITAL","Warangal","Warangal","Telangana","SYN-FAC-TG-0139","PENDING","SYNTHETIC_REFERENCE"
"FAC-TG-0140","NeuroCare Reference Healthcare Centre 0140","HEALTHCARE_CENTRE","Warangal","Warangal","Telangana","SYN-FAC-TG-0140","VERIFIED","SYNTHETIC_REFERENCE"
"FAC-TG-0141","NeuroCare Reference Healthcare Centre 0141","HEALTHCARE_CENTRE","Khammam","Khammam","Telangana","SYN-FAC-TG-0141","VERIFIED","SYNTHETIC_REFERENCE"
"FAC-TG-0142","NeuroCare Reference Specialty Hospital 0142","SPECIALTY_HOSPITAL","Karimnagar","Karimnagar","Telangana","SYN-FAC-TG-0142","VERIFIED","SYNTHETIC_REFERENCE"
"FAC-TG-0143","NeuroCare Reference Clinic 0143","CLINIC","Hyderabad","Hyderabad","Telangana","SYN-FAC-TG-0143","VERIFIED","SYNTHETIC_REFERENCE"
"FAC-TG-0144","NeuroCare Reference Medical Academy 0144","PRIVATE_HOSPITAL","Hyderabad","Hyderabad","Telangana","SYN-FAC-TG-0144","VERIFIED","SYNTHETIC_REFERENCE"
"FAC-TG-0145","NeuroCare Reference Specialty Hospital 0145","PRIVATE_HOSPITAL","Karimnagar","Karimnagar","Telangana","SYN-FAC-TG-0145","VERIFIED","SYNTHETIC_REFERENCE"
"FAC-TG-0146","NeuroCare Reference Healthcare Centre 0146","HEALTHCARE_CENTRE","Hyderabad","Hyderabad","Telangana","SYN-FAC-TG-0146","VERIFIED","SYNTHETIC_REFERENCE"
"FAC-TG-0147","NeuroCare Reference Government Hospital 0147","GOVERNMENT_HOSPITAL","Karimnagar","Karimnagar","Telangana","SYN-FAC-TG-0147","VERIFIED","SYNTHETIC_REFERENCE"
"FAC-TG-0148","NeuroCare Reference Clinic 0148","CLINIC","Warangal","Warangal","Telangana","SYN-FAC-TG-0148","VERIFIED","SYNTHETIC_REFERENCE"
"FAC-TG-0149","NeuroCare Reference Government Hospital 0149","GOVERNMENT_HOSPITAL","Hyderabad","Hyderabad","Telangana","SYN-FAC-TG-0149","VERIFIED","SYNTHETIC_REFERENCE"
"FAC-TG-0150","NeuroCare Reference Specialty Hospital 0150","SPECIALTY_HOSPITAL","Khammam","Khammam","Telangana","SYN-FAC-TG-0150","PENDING","SYNTHETIC_REFERENCE"
"FAC-AP-0151","NeuroCare Reference Medical College & Hospital 0151","MEDICAL_COLLEGE_HOSPITAL","Visakhapatnam","Visakhapatnam","Andhra Pradesh","SYN-FAC-AP-0151","VERIFIED","SYNTHETIC_REFERENCE"
"FAC-AP-0152","NeuroCare Reference Hospital 0152","PRIVATE_HOSPITAL","Rajahmundry","Rajahmundry","Andhra Pradesh","SYN-FAC-AP-0152","PENDING","SYNTHETIC_REFERENCE"
"FAC-AP-0153","NeuroCare Reference Specialty Hospital 0153","SPECIALTY_HOSPITAL","Tirupati","Tirupati","Andhra Pradesh","SYN-FAC-AP-0153","VERIFIED","SYNTHETIC_REFERENCE"
"FAC-AP-0154","NeuroCare Reference Government Hospital 0154","GOVERNMENT_HOSPITAL","Guntur","Guntur","Andhra Pradesh","SYN-FAC-AP-0154","VERIFIED","SYNTHETIC_REFERENCE"
"FAC-AP-0155","NeuroCare Reference Healthcare Centre 0155","HEALTHCARE_CENTRE","Guntur","Guntur","Andhra Pradesh","SYN-FAC-AP-0155","VERIFIED","SYNTHETIC_REFERENCE"
"FAC-AP-0156","NeuroCare Reference Medical College & Hospital 0156","MEDICAL_COLLEGE_HOSPITAL","Visakhapatnam","Visakhapatnam","Andhra Pradesh","SYN-FAC-AP-0156","VERIFIED","SYNTHETIC_REFERENCE"
"FAC-AP-0157","NeuroCare Reference Healthcare Centre 0157","HEALTHCARE_CENTRE","Vijayawada","Vijayawada","Andhra Pradesh","SYN-FAC-AP-0157","VERIFIED","SYNTHETIC_REFERENCE"
"FAC-AP-0158","NeuroCare Reference Healthcare Centre 0158","HEALTHCARE_CENTRE","Guntur","Guntur","Andhra Pradesh","SYN-FAC-AP-0158","PENDING","SYNTHETIC_REFERENCE"
"FAC-AP-0159","NeuroCare Reference Specialty Hospital 0159","SPECIALTY_HOSPITAL","Rajahmundry","Rajahmundry","Andhra Pradesh","SYN-FAC-AP-0159","VERIFIED","SYNTHETIC_REFERENCE"
"FAC-AP-0160","NeuroCare Reference Healthcare Centre 0160","HEALTHCARE_CENTRE","Vijayawada","Vijayawada","Andhra Pradesh","SYN-FAC-AP-0160","VERIFIED","SYNTHETIC_REFERENCE"
"FAC-AP-0161","NeuroCare Reference Clinic 0161","CLINIC","Guntur","Guntur","Andhra Pradesh","SYN-FAC-AP-0161","PENDING","SYNTHETIC_REFERENCE"
"FAC-AP-0162","NeuroCare Reference Specialty Hospital 0162","SPECIALTY_HOSPITAL","Tirupati","Tirupati","Andhra Pradesh","SYN-FAC-AP-0162","VERIFIED","SYNTHETIC_REFERENCE"
"FAC-AP-0163","NeuroCare Reference Government Hospital 0163","GOVERNMENT_HOSPITAL","Vijayawada","Vijayawada","Andhra Pradesh","SYN-FAC-AP-0163","VERIFIED","SYNTHETIC_REFERENCE"
"FAC-AP-0164","NeuroCare Reference Specialty Hospital 0164","SPECIALTY_HOSPITAL","Rajahmundry","Rajahmundry","Andhra Pradesh","SYN-FAC-AP-0164","VERIFIED","SYNTHETIC_REFERENCE"
"FAC-AP-0165","NeuroCare Reference Healthcare Centre 0165","HEALTHCARE_CENTRE","Vijayawada","Vijayawada","Andhra Pradesh","SYN-FAC-AP-0165","VERIFIED","SYNTHETIC_REFERENCE"
"FAC-AP-0166","NeuroCare Reference Hospital 0166","PRIVATE_HOSPITAL","Guntur","Guntur","Andhra Pradesh","SYN-FAC-AP-0166","VERIFIED","SYNTHETIC_REFERENCE"
"FAC-AP-0167","NeuroCare Reference Medical College & Hospital 0167","MEDICAL_COLLEGE_HOSPITAL","Guntur","Guntur","Andhra Pradesh","SYN-FAC-AP-0167","PENDING","SYNTHETIC_REFERENCE"
"FAC-AP-0168","NeuroCare Reference Clinic 0168","CLINIC","Vijayawada","Vijayawada","Andhra Pradesh","SYN-FAC-AP-0168","PENDING","SYNTHETIC_REFERENCE"
"FAC-AP-0169","NeuroCare Reference Government Hospital 0169","GOVERNMENT_HOSPITAL","Tirupati","Tirupati","Andhra Pradesh","SYN-FAC-AP-0169","PENDING","SYNTHETIC_REFERENCE"
"FAC-AP-0170","NeuroCare Reference Healthcare Centre 0170","HEALTHCARE_CENTRE","Visakhapatnam","Visakhapatnam","Andhra Pradesh","SYN-FAC-AP-0170","PENDING","SYNTHETIC_REFERENCE"
"FAC-AP-0171","NeuroCare Reference Medical Institute 0171","PRIVATE_HOSPITAL","Vijayawada","Vijayawada","Andhra Pradesh","SYN-FAC-AP-0171","VERIFIED","SYNTHETIC_REFERENCE"
"FAC-AP-0172","NeuroCare Reference Government Hospital 0172","GOVERNMENT_HOSPITAL","Guntur","Guntur","Andhra Pradesh","SYN-FAC-AP-0172","PENDING","SYNTHETIC_REFERENCE"
"FAC-AP-0173","NeuroCare Reference Clinic 0173","CLINIC","Rajahmundry","Rajahmundry","Andhra Pradesh","SYN-FAC-AP-0173","VERIFIED","SYNTHETIC_REFERENCE"
"FAC-AP-0174","NeuroCare Reference Clinic 0174","CLINIC","Visakhapatnam","Visakhapatnam","Andhra Pradesh","SYN-FAC-AP-0174","VERIFIED","SYNTHETIC_REFERENCE"
"FAC-AP-0175","NeuroCare Reference Medical Centre 0175","PRIVATE_HOSPITAL","Visakhapatnam","Visakhapatnam","Andhra Pradesh","SYN-FAC-AP-0175","VERIFIED","SYNTHETIC_REFERENCE"
"FAC-WB-0176","NeuroCare Reference Medical Foundation 0176","PRIVATE_HOSPITAL","Durgapur","Durgapur","West Bengal","SYN-FAC-WB-0176","VERIFIED","SYNTHETIC_REFERENCE"
"FAC-WB-0177","NeuroCare Reference Government Hospital 0177","GOVERNMENT_HOSPITAL","Durgapur","Durgapur","West Bengal","SYN-FAC-WB-0177","PENDING","SYNTHETIC_REFERENCE"
"FAC-WB-0178","NeuroCare Reference Specialty Hospital 0178","SPECIALTY_HOSPITAL","Siliguri","Siliguri","West Bengal","SYN-FAC-WB-0178","VERIFIED","SYNTHETIC_REFERENCE"
"FAC-WB-0179","NeuroCare Reference Specialty Hospital 0179","SPECIALTY_HOSPITAL","Siliguri","Siliguri","West Bengal","SYN-FAC-WB-0179","VERIFIED","SYNTHETIC_REFERENCE"
"FAC-WB-0180","NeuroCare Reference Healthcare Centre 0180","HEALTHCARE_CENTRE","Asansol","Asansol","West Bengal","SYN-FAC-WB-0180","VERIFIED","SYNTHETIC_REFERENCE"
"FAC-WB-0181","NeuroCare Reference Medical College & Hospital 0181","MEDICAL_COLLEGE_HOSPITAL","Howrah","Howrah","West Bengal","SYN-FAC-WB-0181","PENDING","SYNTHETIC_REFERENCE"
"FAC-WB-0182","NeuroCare Reference Medical Institute 0182","PRIVATE_HOSPITAL","Kolkata","Kolkata","West Bengal","SYN-FAC-WB-0182","PENDING","SYNTHETIC_REFERENCE"
"FAC-WB-0183","NeuroCare Reference Medical College & Hospital 0183","MEDICAL_COLLEGE_HOSPITAL","Howrah","Howrah","West Bengal","SYN-FAC-WB-0183","PENDING","SYNTHETIC_REFERENCE"
"FAC-WB-0184","NeuroCare Reference Health Centre 0184","PRIVATE_HOSPITAL","Asansol","Asansol","West Bengal","SYN-FAC-WB-0184","VERIFIED","SYNTHETIC_REFERENCE"
"FAC-WB-0185","NeuroCare Reference Government Hospital 0185","GOVERNMENT_HOSPITAL","Howrah","Howrah","West Bengal","SYN-FAC-WB-0185","VERIFIED","SYNTHETIC_REFERENCE"
"FAC-WB-0186","NeuroCare Reference Clinic 0186","CLINIC","Asansol","Asansol","West Bengal","SYN-FAC-WB-0186","PENDING","SYNTHETIC_REFERENCE"
"FAC-WB-0187","NeuroCare Reference Medical College & Hospital 0187","MEDICAL_COLLEGE_HOSPITAL","Siliguri","Siliguri","West Bengal","SYN-FAC-WB-0187","VERIFIED","SYNTHETIC_REFERENCE"
"FAC-WB-0188","NeuroCare Reference Clinic 0188","CLINIC","Durgapur","Durgapur","West Bengal","SYN-FAC-WB-0188","VERIFIED","SYNTHETIC_REFERENCE"
"FAC-WB-0189","NeuroCare Reference Healthcare Centre 0189","HEALTHCARE_CENTRE","Siliguri","Siliguri","West Bengal","SYN-FAC-WB-0189","PENDING","SYNTHETIC_REFERENCE"
"FAC-WB-0190","NeuroCare Reference Medical College & Hospital 0190","MEDICAL_COLLEGE_HOSPITAL","Asansol","Asansol","West Bengal","SYN-FAC-WB-0190","VERIFIED","SYNTHETIC_REFERENCE"
"FAC-WB-0191","NeuroCare Reference Government Hospital 0191","GOVERNMENT_HOSPITAL","Asansol","Asansol","West Bengal","SYN-FAC-WB-0191","VERIFIED","SYNTHETIC_REFERENCE"
"FAC-WB-0192","NeuroCare Reference Clinic 0192","CLINIC","Siliguri","Siliguri","West Bengal","SYN-FAC-WB-0192","PENDING","SYNTHETIC_REFERENCE"
"FAC-WB-0193","NeuroCare Reference Government Hospital 0193","GOVERNMENT_HOSPITAL","Kolkata","Kolkata","West Bengal","SYN-FAC-WB-0193","VERIFIED","SYNTHETIC_REFERENCE"
"FAC-WB-0194","NeuroCare Reference Specialty Hospital 0194","SPECIALTY_HOSPITAL","Asansol","Asansol","West Bengal","SYN-FAC-WB-0194","VERIFIED","SYNTHETIC_REFERENCE"
"FAC-WB-0195","NeuroCare Reference Healthcare Centre 0195","HEALTHCARE_CENTRE","Siliguri","Siliguri","West Bengal","SYN-FAC-WB-0195","VERIFIED","SYNTHETIC_REFERENCE"
"FAC-WB-0196","NeuroCare Reference Government Hospital 0196","GOVERNMENT_HOSPITAL","Asansol","Asansol","West Bengal","SYN-FAC-WB-0196","VERIFIED","SYNTHETIC_REFERENCE"
"FAC-WB-0197","NeuroCare Reference Medical Institute 0197","PRIVATE_HOSPITAL","Asansol","Asansol","West Bengal","SYN-FAC-WB-0197","VERIFIED","SYNTHETIC_REFERENCE"
"FAC-WB-0198","NeuroCare Reference Specialty Hospital 0198","PRIVATE_HOSPITAL","Kolkata","Kolkata","West Bengal","SYN-FAC-WB-0198","VERIFIED","SYNTHETIC_REFERENCE"
"FAC-WB-0199","NeuroCare Reference Clinic 0199","CLINIC","Durgapur","Durgapur","West Bengal","SYN-FAC-WB-0199","VERIFIED","SYNTHETIC_REFERENCE"
"FAC-WB-0200","NeuroCare Reference Clinic 0200","CLINIC","Kolkata","Kolkata","West Bengal","SYN-FAC-WB-0200","VERIFIED","SYNTHETIC_REFERENCE"
"FAC-GJ-0201","NeuroCare Reference Medical College & Hospital 0201","MEDICAL_COLLEGE_HOSPITAL","Surat","Surat","Gujarat","SYN-FAC-GJ-0201","VERIFIED","SYNTHETIC_REFERENCE"
"FAC-GJ-0202","NeuroCare Reference Government Hospital 0202","GOVERNMENT_HOSPITAL","Vadodara","Vadodara","Gujarat","SYN-FAC-GJ-0202","VERIFIED","SYNTHETIC_REFERENCE"
"FAC-GJ-0203","NeuroCare Reference Specialty Hospital 0203","SPECIALTY_HOSPITAL","Ahmedabad","Ahmedabad","Gujarat","SYN-FAC-GJ-0203","VERIFIED","SYNTHETIC_REFERENCE"
"FAC-GJ-0204","NeuroCare Reference Clinic 0204","CLINIC","Vadodara","Vadodara","Gujarat","SYN-FAC-GJ-0204","VERIFIED","SYNTHETIC_REFERENCE"
"FAC-GJ-0205","NeuroCare Reference Healthcare Centre 0205","HEALTHCARE_CENTRE","Rajkot","Rajkot","Gujarat","SYN-FAC-GJ-0205","VERIFIED","SYNTHETIC_REFERENCE"
"FAC-GJ-0206","NeuroCare Reference Specialty Hospital 0206","SPECIALTY_HOSPITAL","Rajkot","Rajkot","Gujarat","SYN-FAC-GJ-0206","VERIFIED","SYNTHETIC_REFERENCE"
"FAC-GJ-0207","NeuroCare Reference Clinic 0207","CLINIC","Rajkot","Rajkot","Gujarat","SYN-FAC-GJ-0207","PENDING","SYNTHETIC_REFERENCE"
"FAC-GJ-0208","NeuroCare Reference Medical College & Hospital 0208","MEDICAL_COLLEGE_HOSPITAL","Rajkot","Rajkot","Gujarat","SYN-FAC-GJ-0208","VERIFIED","SYNTHETIC_REFERENCE"
"FAC-GJ-0209","NeuroCare Reference Specialty Hospital 0209","SPECIALTY_HOSPITAL","Ahmedabad","Ahmedabad","Gujarat","SYN-FAC-GJ-0209","VERIFIED","SYNTHETIC_REFERENCE"
"FAC-GJ-0210","NeuroCare Reference Medical College & Hospital 0210","MEDICAL_COLLEGE_HOSPITAL","Ahmedabad","Ahmedabad","Gujarat","SYN-FAC-GJ-0210","VERIFIED","SYNTHETIC_REFERENCE"
"FAC-GJ-0211","NeuroCare Reference Hospital 0211","PRIVATE_HOSPITAL","Ahmedabad","Ahmedabad","Gujarat","SYN-FAC-GJ-0211","VERIFIED","SYNTHETIC_REFERENCE"
"FAC-GJ-0212","NeuroCare Reference Government Hospital 0212","GOVERNMENT_HOSPITAL","Rajkot","Rajkot","Gujarat","SYN-FAC-GJ-0212","PENDING","SYNTHETIC_REFERENCE"
"FAC-GJ-0213","NeuroCare Reference Government Hospital 0213","GOVERNMENT_HOSPITAL","Rajkot","Rajkot","Gujarat","SYN-FAC-GJ-0213","VERIFIED","SYNTHETIC_REFERENCE"
"FAC-GJ-0214","NeuroCare Reference Healthcare Centre 0214","HEALTHCARE_CENTRE","Vadodara","Vadodara","Gujarat","SYN-FAC-GJ-0214","VERIFIED","SYNTHETIC_REFERENCE"
"FAC-GJ-0215","NeuroCare Reference Clinic 0215","CLINIC","Ahmedabad","Ahmedabad","Gujarat","SYN-FAC-GJ-0215","VERIFIED","SYNTHETIC_REFERENCE"
"FAC-GJ-0216","NeuroCare Reference Government Hospital 0216","GOVERNMENT_HOSPITAL","Vadodara","Vadodara","Gujarat","SYN-FAC-GJ-0216","VERIFIED","SYNTHETIC_REFERENCE"
"FAC-GJ-0217","NeuroCare Reference Medical College & Hospital 0217","MEDICAL_COLLEGE_HOSPITAL","Ahmedabad","Ahmedabad","Gujarat","SYN-FAC-GJ-0217","VERIFIED","SYNTHETIC_REFERENCE"
"FAC-GJ-0218","NeuroCare Reference Clinic 0218","CLINIC","Surat","Surat","Gujarat","SYN-FAC-GJ-0218","VERIFIED","SYNTHETIC_REFERENCE"
"FAC-GJ-0219","NeuroCare Reference Medical College & Hospital 0219","MEDICAL_COLLEGE_HOSPITAL","Surat","Surat","Gujarat","SYN-FAC-GJ-0219","VERIFIED","SYNTHETIC_REFERENCE"
"FAC-GJ-0220","NeuroCare Reference Medical College & Hospital 0220","MEDICAL_COLLEGE_HOSPITAL","Surat","Surat","Gujarat","SYN-FAC-GJ-0220","VERIFIED","SYNTHETIC_REFERENCE"
"FAC-GJ-0221","NeuroCare Reference Specialty Hospital 0221","SPECIALTY_HOSPITAL","Bhavnagar","Bhavnagar","Gujarat","SYN-FAC-GJ-0221","VERIFIED","SYNTHETIC_REFERENCE"
"FAC-GJ-0222","NeuroCare Reference Specialty Hospital 0222","SPECIALTY_HOSPITAL","Rajkot","Rajkot","Gujarat","SYN-FAC-GJ-0222","VERIFIED","SYNTHETIC_REFERENCE"
"FAC-GJ-0223","NeuroCare Reference Medical College & Hospital 0223","MEDICAL_COLLEGE_HOSPITAL","Vadodara","Vadodara","Gujarat","SYN-FAC-GJ-0223","VERIFIED","SYNTHETIC_REFERENCE"
"FAC-GJ-0224","NeuroCare Reference Government Hospital 0224","GOVERNMENT_HOSPITAL","Rajkot","Rajkot","Gujarat","SYN-FAC-GJ-0224","VERIFIED","SYNTHETIC_REFERENCE"
"FAC-GJ-0225","NeuroCare Reference Medical College & Hospital 0225","MEDICAL_COLLEGE_HOSPITAL","Bhavnagar","Bhavnagar","Gujarat","SYN-FAC-GJ-0225","VERIFIED","SYNTHETIC_REFERENCE"
"FAC-RJ-0226","NeuroCare Reference Healthcare Centre 0226","HEALTHCARE_CENTRE","Udaipur","Udaipur","Rajasthan","SYN-FAC-RJ-0226","VERIFIED","SYNTHETIC_REFERENCE"
"FAC-RJ-0227","NeuroCare Reference Healthcare Centre 0227","HEALTHCARE_CENTRE","Jodhpur","Jodhpur","Rajasthan","SYN-FAC-RJ-0227","VERIFIED","SYNTHETIC_REFERENCE"
"FAC-RJ-0228","NeuroCare Reference Government Hospital 0228","GOVERNMENT_HOSPITAL","Jodhpur","Jodhpur","Rajasthan","SYN-FAC-RJ-0228","VERIFIED","SYNTHETIC_REFERENCE"
"FAC-RJ-0229","NeuroCare Reference Healthcare Centre 0229","HEALTHCARE_CENTRE","Ajmer","Ajmer","Rajasthan","SYN-FAC-RJ-0229","VERIFIED","SYNTHETIC_REFERENCE"
"FAC-RJ-0230","NeuroCare Reference Specialty Hospital 0230","SPECIALTY_HOSPITAL","Kota","Kota","Rajasthan","SYN-FAC-RJ-0230","VERIFIED","SYNTHETIC_REFERENCE"
"FAC-RJ-0231","NeuroCare Reference Healthcare Centre 0231","HEALTHCARE_CENTRE","Jaipur","Jaipur","Rajasthan","SYN-FAC-RJ-0231","PENDING","SYNTHETIC_REFERENCE"
"FAC-RJ-0232","NeuroCare Reference Specialty Hospital 0232","SPECIALTY_HOSPITAL","Udaipur","Udaipur","Rajasthan","SYN-FAC-RJ-0232","VERIFIED","SYNTHETIC_REFERENCE"
"FAC-RJ-0233","NeuroCare Reference Government Hospital 0233","GOVERNMENT_HOSPITAL","Kota","Kota","Rajasthan","SYN-FAC-RJ-0233","VERIFIED","SYNTHETIC_REFERENCE"
"FAC-RJ-0234","NeuroCare Reference Healthcare Centre 0234","HEALTHCARE_CENTRE","Jodhpur","Jodhpur","Rajasthan","SYN-FAC-RJ-0234","VERIFIED","SYNTHETIC_REFERENCE"
"FAC-RJ-0235","NeuroCare Reference Clinic 0235","CLINIC","Kota","Kota","Rajasthan","SYN-FAC-RJ-0235","VERIFIED","SYNTHETIC_REFERENCE"
"FAC-RJ-0236","NeuroCare Reference Government Hospital 0236","GOVERNMENT_HOSPITAL","Jodhpur","Jodhpur","Rajasthan","SYN-FAC-RJ-0236","VERIFIED","SYNTHETIC_REFERENCE"
"FAC-RJ-0237","NeuroCare Reference Specialty Hospital 0237","SPECIALTY_HOSPITAL","Kota","Kota","Rajasthan","SYN-FAC-RJ-0237","PENDING","SYNTHETIC_REFERENCE"
"FAC-RJ-0238","NeuroCare Reference Clinic 0238","CLINIC","Ajmer","Ajmer","Rajasthan","SYN-FAC-RJ-0238","VERIFIED","SYNTHETIC_REFERENCE"
"FAC-RJ-0239","NeuroCare Reference Government Hospital 0239","GOVERNMENT_HOSPITAL","Jaipur","Jaipur","Rajasthan","SYN-FAC-RJ-0239","VERIFIED","SYNTHETIC_REFERENCE"
"FAC-RJ-0240","NeuroCare Reference Healthcare Centre 0240","HEALTHCARE_CENTRE","Ajmer","Ajmer","Rajasthan","SYN-FAC-RJ-0240","VERIFIED","SYNTHETIC_REFERENCE"
"FAC-RJ-0241","NeuroCare Reference Medical Centre 0241","PRIVATE_HOSPITAL","Kota","Kota","Rajasthan","SYN-FAC-RJ-0241","PENDING","SYNTHETIC_REFERENCE"
"FAC-RJ-0242","NeuroCare Reference Medical College & Hospital 0242","MEDICAL_COLLEGE_HOSPITAL","Jaipur","Jaipur","Rajasthan","SYN-FAC-RJ-0242","VERIFIED","SYNTHETIC_REFERENCE"
"FAC-RJ-0243","NeuroCare Reference Healthcare Centre 0243","HEALTHCARE_CENTRE","Jaipur","Jaipur","Rajasthan","SYN-FAC-RJ-0243","VERIFIED","SYNTHETIC_REFERENCE"
"FAC-RJ-0244","NeuroCare Reference Medical College & Hospital 0244","MEDICAL_COLLEGE_HOSPITAL","Jodhpur","Jodhpur","Rajasthan","SYN-FAC-RJ-0244","VERIFIED","SYNTHETIC_REFERENCE"
"FAC-RJ-0245","NeuroCare Reference Healthcare Centre 0245","HEALTHCARE_CENTRE","Udaipur","Udaipur","Rajasthan","SYN-FAC-RJ-0245","VERIFIED","SYNTHETIC_REFERENCE"
"FAC-RJ-0246","NeuroCare Reference Medical College & Hospital 0246","MEDICAL_COLLEGE_HOSPITAL","Jodhpur","Jodhpur","Rajasthan","SYN-FAC-RJ-0246","VERIFIED","SYNTHETIC_REFERENCE"
"FAC-RJ-0247","NeuroCare Reference Clinic 0247","CLINIC","Udaipur","Udaipur","Rajasthan","SYN-FAC-RJ-0247","PENDING","SYNTHETIC_REFERENCE"
"FAC-RJ-0248","NeuroCare Reference Government Hospital 0248","GOVERNMENT_HOSPITAL","Ajmer","Ajmer","Rajasthan","SYN-FAC-RJ-0248","VERIFIED","SYNTHETIC_REFERENCE"
"FAC-RJ-0249","NeuroCare Reference Specialty Hospital 0249","SPECIALTY_HOSPITAL","Jodhpur","Jodhpur","Rajasthan","SYN-FAC-RJ-0249","VERIFIED","SYNTHETIC_REFERENCE"
"FAC-RJ-0250","NeuroCare Reference Clinic 0250","CLINIC","Udaipur","Udaipur","Rajasthan","SYN-FAC-RJ-0250","VERIFIED","SYNTHETIC_REFERENCE"
"FAC-UP-0251","NeuroCare Reference Medical College & Hospital 0251","MEDICAL_COLLEGE_HOSPITAL","Kanpur","Kanpur","Uttar Pradesh","SYN-FAC-UP-0251","VERIFIED","SYNTHETIC_REFERENCE"
"FAC-UP-0252","NeuroCare Reference Healthcare Centre 0252","HEALTHCARE_CENTRE","Kanpur","Kanpur","Uttar Pradesh","SYN-FAC-UP-0252","PENDING","SYNTHETIC_REFERENCE"
"FAC-UP-0253","NeuroCare Reference Specialty Hospital 0253","PRIVATE_HOSPITAL","Allahabad","Allahabad","Uttar Pradesh","SYN-FAC-UP-0253","PENDING","SYNTHETIC_REFERENCE"
"FAC-UP-0254","NeuroCare Reference Specialty Hospital 0254","SPECIALTY_HOSPITAL","Kanpur","Kanpur","Uttar Pradesh","SYN-FAC-UP-0254","PENDING","SYNTHETIC_REFERENCE"
"FAC-UP-0255","NeuroCare Reference Specialty Hospital 0255","SPECIALTY_HOSPITAL","Lucknow","Lucknow","Uttar Pradesh","SYN-FAC-UP-0255","PENDING","SYNTHETIC_REFERENCE"
"FAC-UP-0256","NeuroCare Reference Clinic 0256","CLINIC","Varanasi","Varanasi","Uttar Pradesh","SYN-FAC-UP-0256","VERIFIED","SYNTHETIC_REFERENCE"
"FAC-UP-0257","NeuroCare Reference Government Hospital 0257","GOVERNMENT_HOSPITAL","Varanasi","Varanasi","Uttar Pradesh","SYN-FAC-UP-0257","PENDING","SYNTHETIC_REFERENCE"
"FAC-UP-0258","NeuroCare Reference Government Hospital 0258","GOVERNMENT_HOSPITAL","Varanasi","Varanasi","Uttar Pradesh","SYN-FAC-UP-0258","VERIFIED","SYNTHETIC_REFERENCE"
"FAC-UP-0259","NeuroCare Reference Clinic 0259","CLINIC","Kanpur","Kanpur","Uttar Pradesh","SYN-FAC-UP-0259","VERIFIED","SYNTHETIC_REFERENCE"
"FAC-UP-0260","NeuroCare Reference Healthcare Centre 0260","HEALTHCARE_CENTRE","Allahabad","Allahabad","Uttar Pradesh","SYN-FAC-UP-0260","PENDING","SYNTHETIC_REFERENCE"
"FAC-UP-0261","NeuroCare Reference Hospital 0261","PRIVATE_HOSPITAL","Allahabad","Allahabad","Uttar Pradesh","SYN-FAC-UP-0261","VERIFIED","SYNTHETIC_REFERENCE"
"FAC-UP-0262","NeuroCare Reference Specialty Hospital 0262","SPECIALTY_HOSPITAL","Lucknow","Lucknow","Uttar Pradesh","SYN-FAC-UP-0262","VERIFIED","SYNTHETIC_REFERENCE"
"FAC-UP-0263","NeuroCare Reference Government Hospital 0263","GOVERNMENT_HOSPITAL","Kanpur","Kanpur","Uttar Pradesh","SYN-FAC-UP-0263","PENDING","SYNTHETIC_REFERENCE"
"FAC-UP-0264","NeuroCare Reference Medical College & Hospital 0264","MEDICAL_COLLEGE_HOSPITAL","Agra","Agra","Uttar Pradesh","SYN-FAC-UP-0264","PENDING","SYNTHETIC_REFERENCE"
"FAC-UP-0265","NeuroCare Reference Clinic 0265","CLINIC","Agra","Agra","Uttar Pradesh","SYN-FAC-UP-0265","PENDING","SYNTHETIC_REFERENCE"
"FAC-UP-0266","NeuroCare Reference Healthcare Centre 0266","HEALTHCARE_CENTRE","Varanasi","Varanasi","Uttar Pradesh","SYN-FAC-UP-0266","PENDING","SYNTHETIC_REFERENCE"
"FAC-UP-0267","NeuroCare Reference Government Hospital 0267","GOVERNMENT_HOSPITAL","Lucknow","Lucknow","Uttar Pradesh","SYN-FAC-UP-0267","VERIFIED","SYNTHETIC_REFERENCE"
"FAC-UP-0268","NeuroCare Reference Government Hospital 0268","GOVERNMENT_HOSPITAL","Lucknow","Lucknow","Uttar Pradesh","SYN-FAC-UP-0268","PENDING","SYNTHETIC_REFERENCE"
"FAC-UP-0269","NeuroCare Reference Clinic 0269","CLINIC","Allahabad","Allahabad","Uttar Pradesh","SYN-FAC-UP-0269","PENDING","SYNTHETIC_REFERENCE"
"FAC-UP-0270","NeuroCare Reference Government Hospital 0270","GOVERNMENT_HOSPITAL","Lucknow","Lucknow","Uttar Pradesh","SYN-FAC-UP-0270","PENDING","SYNTHETIC_REFERENCE"
"FAC-UP-0271","NeuroCare Reference Government Hospital 0271","GOVERNMENT_HOSPITAL","Varanasi","Varanasi","Uttar Pradesh","SYN-FAC-UP-0271","VERIFIED","SYNTHETIC_REFERENCE"
"FAC-UP-0272","NeuroCare Reference Healthcare Centre 0272","HEALTHCARE_CENTRE","Varanasi","Varanasi","Uttar Pradesh","SYN-FAC-UP-0272","VERIFIED","SYNTHETIC_REFERENCE"
"FAC-UP-0273","NeuroCare Reference Specialty Hospital 0273","SPECIALTY_HOSPITAL","Varanasi","Varanasi","Uttar Pradesh","SYN-FAC-UP-0273","VERIFIED","SYNTHETIC_REFERENCE"
"FAC-UP-0274","NeuroCare Reference Specialty Hospital 0274","SPECIALTY_HOSPITAL","Agra","Agra","Uttar Pradesh","SYN-FAC-UP-0274","VERIFIED","SYNTHETIC_REFERENCE"
"FAC-UP-0275","NeuroCare Reference Specialty Hospital 0275","SPECIALTY_HOSPITAL","Varanasi","Varanasi","Uttar Pradesh","SYN-FAC-UP-0275","VERIFIED","SYNTHETIC_REFERENCE"
"FAC-PB-0276","NeuroCare Reference Medical College & Hospital 0276","MEDICAL_COLLEGE_HOSPITAL","Amritsar","Amritsar","Punjab","SYN-FAC-PB-0276","VERIFIED","SYNTHETIC_REFERENCE"
"FAC-PB-0277","NeuroCare Reference Medical Institute 0277","PRIVATE_HOSPITAL","Ludhiana","Ludhiana","Punjab","SYN-FAC-PB-0277","VERIFIED","SYNTHETIC_REFERENCE"
"FAC-PB-0278","NeuroCare Reference Clinic 0278","CLINIC","Chandigarh","Chandigarh","Punjab","SYN-FAC-PB-0278","VERIFIED","SYNTHETIC_REFERENCE"
"FAC-PB-0279","NeuroCare Reference Healthcare Centre 0279","HEALTHCARE_CENTRE","Amritsar","Amritsar","Punjab","SYN-FAC-PB-0279","PENDING","SYNTHETIC_REFERENCE"
"FAC-PB-0280","NeuroCare Reference Healthcare Centre 0280","HEALTHCARE_CENTRE","Chandigarh","Chandigarh","Punjab","SYN-FAC-PB-0280","PENDING","SYNTHETIC_REFERENCE"
"FAC-PB-0281","NeuroCare Reference Wellness Centre 0281","PRIVATE_HOSPITAL","Ludhiana","Ludhiana","Punjab","SYN-FAC-PB-0281","VERIFIED","SYNTHETIC_REFERENCE"
"FAC-PB-0282","NeuroCare Reference Clinic 0282","CLINIC","Amritsar","Amritsar","Punjab","SYN-FAC-PB-0282","VERIFIED","SYNTHETIC_REFERENCE"
"FAC-PB-0283","NeuroCare Reference Government Hospital 0283","GOVERNMENT_HOSPITAL","Chandigarh","Chandigarh","Punjab","SYN-FAC-PB-0283","VERIFIED","SYNTHETIC_REFERENCE"
"FAC-PB-0284","NeuroCare Reference Healthcare Centre 0284","HEALTHCARE_CENTRE","Ludhiana","Ludhiana","Punjab","SYN-FAC-PB-0284","PENDING","SYNTHETIC_REFERENCE"
"FAC-PB-0285","NeuroCare Reference Government Hospital 0285","GOVERNMENT_HOSPITAL","Ludhiana","Ludhiana","Punjab","SYN-FAC-PB-0285","VERIFIED","SYNTHETIC_REFERENCE"
"FAC-PB-0286","NeuroCare Reference Specialty Hospital 0286","PRIVATE_HOSPITAL","Ludhiana","Ludhiana","Punjab","SYN-FAC-PB-0286","VERIFIED","SYNTHETIC_REFERENCE"
"FAC-PB-0287","NeuroCare Reference Research Hospital 0287","PRIVATE_HOSPITAL","Amritsar","Amritsar","Punjab","SYN-FAC-PB-0287","VERIFIED","SYNTHETIC_REFERENCE"
"FAC-PB-0288","NeuroCare Reference Healthcare Centre 0288","HEALTHCARE_CENTRE","Chandigarh","Chandigarh","Punjab","SYN-FAC-PB-0288","VERIFIED","SYNTHETIC_REFERENCE"
"FAC-PB-0289","NeuroCare Reference Government Hospital 0289","GOVERNMENT_HOSPITAL","Jalandhar","Jalandhar","Punjab","SYN-FAC-PB-0289","PENDING","SYNTHETIC_REFERENCE"
"FAC-PB-0290","NeuroCare Reference Specialty Hospital 0290","SPECIALTY_HOSPITAL","Ludhiana","Ludhiana","Punjab","SYN-FAC-PB-0290","VERIFIED","SYNTHETIC_REFERENCE"
"FAC-PB-0291","NeuroCare Reference Specialty Hospital 0291","SPECIALTY_HOSPITAL","Chandigarh","Chandigarh","Punjab","SYN-FAC-PB-0291","VERIFIED","SYNTHETIC_REFERENCE"
"FAC-PB-0292","NeuroCare Reference Medical College & Hospital 0292","MEDICAL_COLLEGE_HOSPITAL","Chandigarh","Chandigarh","Punjab","SYN-FAC-PB-0292","VERIFIED","SYNTHETIC_REFERENCE"
"FAC-PB-0293","NeuroCare Reference Medical Institute 0293","PRIVATE_HOSPITAL","Amritsar","Amritsar","Punjab","SYN-FAC-PB-0293","VERIFIED","SYNTHETIC_REFERENCE"
"FAC-PB-0294","NeuroCare Reference Specialty Hospital 0294","SPECIALTY_HOSPITAL","Jalandhar","Jalandhar","Punjab","SYN-FAC-PB-0294","PENDING","SYNTHETIC_REFERENCE"
"FAC-PB-0295","NeuroCare Reference Specialty Hospital 0295","SPECIALTY_HOSPITAL","Amritsar","Amritsar","Punjab","SYN-FAC-PB-0295","VERIFIED","SYNTHETIC_REFERENCE"
"FAC-PB-0296","NeuroCare Reference Government Hospital 0296","GOVERNMENT_HOSPITAL","Amritsar","Amritsar","Punjab","SYN-FAC-PB-0296","VERIFIED","SYNTHETIC_REFERENCE"
"FAC-PB-0297","NeuroCare Reference Specialty Hospital 0297","SPECIALTY_HOSPITAL","Jalandhar","Jalandhar","Punjab","SYN-FAC-PB-0297","PENDING","SYNTHETIC_REFERENCE"
"FAC-PB-0298","NeuroCare Reference Government Hospital 0298","GOVERNMENT_HOSPITAL","Amritsar","Amritsar","Punjab","SYN-FAC-PB-0298","PENDING","SYNTHETIC_REFERENCE"
"FAC-PB-0299","NeuroCare Reference Clinic 0299","CLINIC","Amritsar","Amritsar","Punjab","SYN-FAC-PB-0299","VERIFIED","SYNTHETIC_REFERENCE"
"FAC-PB-0300","NeuroCare Reference Government Hospital 0300","GOVERNMENT_HOSPITAL","Amritsar","Amritsar","Punjab","SYN-FAC-PB-0300","PENDING","SYNTHETIC_REFERENCE"
"FAC-HR-0301","NeuroCare Reference Health Centre 0301","PRIVATE_HOSPITAL","Faridabad","Faridabad","Haryana","SYN-FAC-HR-0301","VERIFIED","SYNTHETIC_REFERENCE"
"FAC-HR-0302","NeuroCare Reference Medical College & Hospital 0302","MEDICAL_COLLEGE_HOSPITAL","Faridabad","Faridabad","Haryana","SYN-FAC-HR-0302","VERIFIED","SYNTHETIC_REFERENCE"
"FAC-HR-0303","NeuroCare Reference Specialty Hospital 0303","PRIVATE_HOSPITAL","Faridabad","Faridabad","Haryana","SYN-FAC-HR-0303","VERIFIED","SYNTHETIC_REFERENCE"
"FAC-HR-0304","NeuroCare Reference Clinic 0304","CLINIC","Ambala","Ambala","Haryana","SYN-FAC-HR-0304","VERIFIED","SYNTHETIC_REFERENCE"
"FAC-HR-0305","NeuroCare Reference Clinic 0305","CLINIC","Gurugram","Gurugram","Haryana","SYN-FAC-HR-0305","VERIFIED","SYNTHETIC_REFERENCE"
"FAC-HR-0306","NeuroCare Reference Healthcare Centre 0306","HEALTHCARE_CENTRE","Ambala","Ambala","Haryana","SYN-FAC-HR-0306","VERIFIED","SYNTHETIC_REFERENCE"
"FAC-HR-0307","NeuroCare Reference Medical College & Hospital 0307","MEDICAL_COLLEGE_HOSPITAL","Gurugram","Gurugram","Haryana","SYN-FAC-HR-0307","VERIFIED","SYNTHETIC_REFERENCE"
"FAC-HR-0308","NeuroCare Reference Healthcare Centre 0308","HEALTHCARE_CENTRE","Ambala","Ambala","Haryana","SYN-FAC-HR-0308","VERIFIED","SYNTHETIC_REFERENCE"
"FAC-HR-0309","NeuroCare Reference Specialty Hospital 0309","PRIVATE_HOSPITAL","Ambala","Ambala","Haryana","SYN-FAC-HR-0309","VERIFIED","SYNTHETIC_REFERENCE"
"FAC-HR-0310","NeuroCare Reference Specialty Hospital 0310","SPECIALTY_HOSPITAL","Ambala","Ambala","Haryana","SYN-FAC-HR-0310","VERIFIED","SYNTHETIC_REFERENCE"
"FAC-HR-0311","NeuroCare Reference Specialty Hospital 0311","SPECIALTY_HOSPITAL","Ambala","Ambala","Haryana","SYN-FAC-HR-0311","VERIFIED","SYNTHETIC_REFERENCE"
"FAC-HR-0312","NeuroCare Reference Government Hospital 0312","GOVERNMENT_HOSPITAL","Faridabad","Faridabad","Haryana","SYN-FAC-HR-0312","VERIFIED","SYNTHETIC_REFERENCE"
"FAC-HR-0313","NeuroCare Reference Medical Institute 0313","PRIVATE_HOSPITAL","Gurugram","Gurugram","Haryana","SYN-FAC-HR-0313","PENDING","SYNTHETIC_REFERENCE"
"FAC-HR-0314","NeuroCare Reference Medical College & Hospital 0314","MEDICAL_COLLEGE_HOSPITAL","Faridabad","Faridabad","Haryana","SYN-FAC-HR-0314","VERIFIED","SYNTHETIC_REFERENCE"
"FAC-HR-0315","NeuroCare Reference Government Hospital 0315","GOVERNMENT_HOSPITAL","Rohtak","Rohtak","Haryana","SYN-FAC-HR-0315","VERIFIED","SYNTHETIC_REFERENCE"
"FAC-HR-0316","NeuroCare Reference Medical College & Hospital 0316","MEDICAL_COLLEGE_HOSPITAL","Ambala","Ambala","Haryana","SYN-FAC-HR-0316","PENDING","SYNTHETIC_REFERENCE"
"FAC-HR-0317","NeuroCare Reference Research Hospital 0317","PRIVATE_HOSPITAL","Gurugram","Gurugram","Haryana","SYN-FAC-HR-0317","VERIFIED","SYNTHETIC_REFERENCE"
"FAC-HR-0318","NeuroCare Reference Specialty Hospital 0318","SPECIALTY_HOSPITAL","Ambala","Ambala","Haryana","SYN-FAC-HR-0318","VERIFIED","SYNTHETIC_REFERENCE"
"FAC-HR-0319","NeuroCare Reference Wellness Centre 0319","PRIVATE_HOSPITAL","Ambala","Ambala","Haryana","SYN-FAC-HR-0319","VERIFIED","SYNTHETIC_REFERENCE"
"FAC-HR-0320","NeuroCare Reference Wellness Centre 0320","PRIVATE_HOSPITAL","Faridabad","Faridabad","Haryana","SYN-FAC-HR-0320","VERIFIED","SYNTHETIC_REFERENCE"
"FAC-HR-0321","NeuroCare Reference Healthcare Centre 0321","HEALTHCARE_CENTRE","Ambala","Ambala","Haryana","SYN-FAC-HR-0321","VERIFIED","SYNTHETIC_REFERENCE"
"FAC-HR-0322","NeuroCare Reference Healthcare Centre 0322","HEALTHCARE_CENTRE","Faridabad","Faridabad","Haryana","SYN-FAC-HR-0322","VERIFIED","SYNTHETIC_REFERENCE"
"FAC-HR-0323","NeuroCare Reference Healthcare Centre 0323","HEALTHCARE_CENTRE","Gurugram","Gurugram","Haryana","SYN-FAC-HR-0323","PENDING","SYNTHETIC_REFERENCE"
"FAC-HR-0324","NeuroCare Reference Healthcare Centre 0324","HEALTHCARE_CENTRE","Ambala","Ambala","Haryana","SYN-FAC-HR-0324","VERIFIED","SYNTHETIC_REFERENCE"
"FAC-HR-0325","NeuroCare Reference Specialty Hospital 0325","SPECIALTY_HOSPITAL","Rohtak","Rohtak","Haryana","SYN-FAC-HR-0325","VERIFIED","SYNTHETIC_REFERENCE"
"FAC-MP-0326","NeuroCare Reference Health Centre 0326","PRIVATE_HOSPITAL","Jabalpur","Jabalpur","Madhya Pradesh","SYN-FAC-MP-0326","PENDING","SYNTHETIC_REFERENCE"
"FAC-MP-0327","NeuroCare Reference Specialty Hospital 0327","SPECIALTY_HOSPITAL","Bhopal","Bhopal","Madhya Pradesh","SYN-FAC-MP-0327","VERIFIED","SYNTHETIC_REFERENCE"
"FAC-MP-0328","NeuroCare Reference Hospital 0328","PRIVATE_HOSPITAL","Jabalpur","Jabalpur","Madhya Pradesh","SYN-FAC-MP-0328","PENDING","SYNTHETIC_REFERENCE"
"FAC-MP-0329","NeuroCare Reference Medical College & Hospital 0329","MEDICAL_COLLEGE_HOSPITAL","Bhopal","Bhopal","Madhya Pradesh","SYN-FAC-MP-0329","VERIFIED","SYNTHETIC_REFERENCE"
"FAC-MP-0330","NeuroCare Reference Clinic 0330","CLINIC","Indore","Indore","Madhya Pradesh","SYN-FAC-MP-0330","VERIFIED","SYNTHETIC_REFERENCE"
"FAC-MP-0331","NeuroCare Reference Healthcare Centre 0331","HEALTHCARE_CENTRE","Bhopal","Bhopal","Madhya Pradesh","SYN-FAC-MP-0331","VERIFIED","SYNTHETIC_REFERENCE"
"FAC-MP-0332","NeuroCare Reference Medical College & Hospital 0332","MEDICAL_COLLEGE_HOSPITAL","Gwalior","Gwalior","Madhya Pradesh","SYN-FAC-MP-0332","VERIFIED","SYNTHETIC_REFERENCE"
"FAC-MP-0333","NeuroCare Reference Government Hospital 0333","GOVERNMENT_HOSPITAL","Jabalpur","Jabalpur","Madhya Pradesh","SYN-FAC-MP-0333","VERIFIED","SYNTHETIC_REFERENCE"
"FAC-MP-0334","NeuroCare Reference Healthcare Centre 0334","HEALTHCARE_CENTRE","Indore","Indore","Madhya Pradesh","SYN-FAC-MP-0334","VERIFIED","SYNTHETIC_REFERENCE"
"FAC-MP-0335","NeuroCare Reference Healthcare Centre 0335","HEALTHCARE_CENTRE","Indore","Indore","Madhya Pradesh","SYN-FAC-MP-0335","VERIFIED","SYNTHETIC_REFERENCE"
"FAC-MP-0336","NeuroCare Reference Clinic 0336","CLINIC","Jabalpur","Jabalpur","Madhya Pradesh","SYN-FAC-MP-0336","VERIFIED","SYNTHETIC_REFERENCE"
"FAC-MP-0337","NeuroCare Reference Clinic 0337","CLINIC","Gwalior","Gwalior","Madhya Pradesh","SYN-FAC-MP-0337","VERIFIED","SYNTHETIC_REFERENCE"
"FAC-MP-0338","NeuroCare Reference Medical College & Hospital 0338","MEDICAL_COLLEGE_HOSPITAL","Bhopal","Bhopal","Madhya Pradesh","SYN-FAC-MP-0338","VERIFIED","SYNTHETIC_REFERENCE"
"FAC-MP-0339","NeuroCare Reference Specialty Hospital 0339","SPECIALTY_HOSPITAL","Bhopal","Bhopal","Madhya Pradesh","SYN-FAC-MP-0339","VERIFIED","SYNTHETIC_REFERENCE"
"FAC-MP-0340","NeuroCare Reference Healthcare Centre 0340","HEALTHCARE_CENTRE","Jabalpur","Jabalpur","Madhya Pradesh","SYN-FAC-MP-0340","PENDING","SYNTHETIC_REFERENCE"
"FAC-MP-0341","NeuroCare Reference Medical College & Hospital 0341","MEDICAL_COLLEGE_HOSPITAL","Gwalior","Gwalior","Madhya Pradesh","SYN-FAC-MP-0341","VERIFIED","SYNTHETIC_REFERENCE"
"FAC-MP-0342","NeuroCare Reference Healthcare Centre 0342","HEALTHCARE_CENTRE","Jabalpur","Jabalpur","Madhya Pradesh","SYN-FAC-MP-0342","PENDING","SYNTHETIC_REFERENCE"
"FAC-MP-0343","NeuroCare Reference Specialty Hospital 0343","SPECIALTY_HOSPITAL","Jabalpur","Jabalpur","Madhya Pradesh","SYN-FAC-MP-0343","VERIFIED","SYNTHETIC_REFERENCE"
"FAC-MP-0344","NeuroCare Reference Clinic 0344","CLINIC","Gwalior","Gwalior","Madhya Pradesh","SYN-FAC-MP-0344","VERIFIED","SYNTHETIC_REFERENCE"
"FAC-MP-0345","NeuroCare Reference Clinic 0345","CLINIC","Indore","Indore","Madhya Pradesh","SYN-FAC-MP-0345","VERIFIED","SYNTHETIC_REFERENCE"
"FAC-MP-0346","NeuroCare Reference Healthcare Centre 0346","HEALTHCARE_CENTRE","Indore","Indore","Madhya Pradesh","SYN-FAC-MP-0346","VERIFIED","SYNTHETIC_REFERENCE"
"FAC-MP-0347","NeuroCare Reference Specialty Hospital 0347","SPECIALTY_HOSPITAL","Bhopal","Bhopal","Madhya Pradesh","SYN-FAC-MP-0347","VERIFIED","SYNTHETIC_REFERENCE"
"FAC-MP-0348","NeuroCare Reference Medical College & Hospital 0348","MEDICAL_COLLEGE_HOSPITAL","Gwalior","Gwalior","Madhya Pradesh","SYN-FAC-MP-0348","PENDING","SYNTHETIC_REFERENCE"
"FAC-MP-0349","NeuroCare Reference Specialty Hospital 0349","SPECIALTY_HOSPITAL","Bhopal","Bhopal","Madhya Pradesh","SYN-FAC-MP-0349","VERIFIED","SYNTHETIC_REFERENCE"
"FAC-MP-0350","NeuroCare Reference Health Centre 0350","PRIVATE_HOSPITAL","Indore","Indore","Madhya Pradesh","SYN-FAC-MP-0350","VERIFIED","SYNTHETIC_REFERENCE"
"FAC-OD-0351","NeuroCare Reference Specialty Hospital 0351","SPECIALTY_HOSPITAL","Bhubaneswar","Bhubaneswar","Odisha","SYN-FAC-OD-0351","PENDING","SYNTHETIC_REFERENCE"
"FAC-OD-0352","NeuroCare Reference Medical College & Hospital 0352","MEDICAL_COLLEGE_HOSPITAL","Cuttack","Cuttack","Odisha","SYN-FAC-OD-0352","VERIFIED","SYNTHETIC_REFERENCE"
"FAC-OD-0353","NeuroCare Reference Clinic 0353","CLINIC","Bhubaneswar","Bhubaneswar","Odisha","SYN-FAC-OD-0353","VERIFIED","SYNTHETIC_REFERENCE"
"FAC-OD-0354","NeuroCare Reference Clinic 0354","CLINIC","Cuttack","Cuttack","Odisha","SYN-FAC-OD-0354","PENDING","SYNTHETIC_REFERENCE"
"FAC-OD-0355","NeuroCare Reference Government Hospital 0355","GOVERNMENT_HOSPITAL","Bhubaneswar","Bhubaneswar","Odisha","SYN-FAC-OD-0355","VERIFIED","SYNTHETIC_REFERENCE"
"FAC-OD-0356","NeuroCare Reference Healthcare Centre 0356","HEALTHCARE_CENTRE","Rourkela","Rourkela","Odisha","SYN-FAC-OD-0356","VERIFIED","SYNTHETIC_REFERENCE"
"FAC-OD-0357","NeuroCare Reference Clinic 0357","CLINIC","Cuttack","Cuttack","Odisha","SYN-FAC-OD-0357","VERIFIED","SYNTHETIC_REFERENCE"
"FAC-OD-0358","NeuroCare Reference Medical College & Hospital 0358","MEDICAL_COLLEGE_HOSPITAL","Rourkela","Rourkela","Odisha","SYN-FAC-OD-0358","VERIFIED","SYNTHETIC_REFERENCE"
"FAC-OD-0359","NeuroCare Reference Healthcare Centre 0359","HEALTHCARE_CENTRE","Cuttack","Cuttack","Odisha","SYN-FAC-OD-0359","VERIFIED","SYNTHETIC_REFERENCE"
"FAC-OD-0360","NeuroCare Reference Clinic 0360","CLINIC","Cuttack","Cuttack","Odisha","SYN-FAC-OD-0360","VERIFIED","SYNTHETIC_REFERENCE"
"FAC-OD-0361","NeuroCare Reference Clinic 0361","CLINIC","Rourkela","Rourkela","Odisha","SYN-FAC-OD-0361","VERIFIED","SYNTHETIC_REFERENCE"
"FAC-OD-0362","NeuroCare Reference Specialty Hospital 0362","SPECIALTY_HOSPITAL","Rourkela","Rourkela","Odisha","SYN-FAC-OD-0362","PENDING","SYNTHETIC_REFERENCE"
"FAC-OD-0363","NeuroCare Reference Clinic 0363","CLINIC","Cuttack","Cuttack","Odisha","SYN-FAC-OD-0363","VERIFIED","SYNTHETIC_REFERENCE"
"FAC-OD-0364","NeuroCare Reference Healthcare Institute 0364","PRIVATE_HOSPITAL","Cuttack","Cuttack","Odisha","SYN-FAC-OD-0364","VERIFIED","SYNTHETIC_REFERENCE"
"FAC-OD-0365","NeuroCare Reference Health Centre 0365","PRIVATE_HOSPITAL","Cuttack","Cuttack","Odisha","SYN-FAC-OD-0365","VERIFIED","SYNTHETIC_REFERENCE"
"FAC-OD-0366","NeuroCare Reference Government Hospital 0366","GOVERNMENT_HOSPITAL","Bhubaneswar","Bhubaneswar","Odisha","SYN-FAC-OD-0366","VERIFIED","SYNTHETIC_REFERENCE"
"FAC-OD-0367","NeuroCare Reference Clinic 0367","CLINIC","Rourkela","Rourkela","Odisha","SYN-FAC-OD-0367","PENDING","SYNTHETIC_REFERENCE"
"FAC-OD-0368","NeuroCare Reference Medical College & Hospital 0368","MEDICAL_COLLEGE_HOSPITAL","Bhubaneswar","Bhubaneswar","Odisha","SYN-FAC-OD-0368","PENDING","SYNTHETIC_REFERENCE"
"FAC-OD-0369","NeuroCare Reference Medical Academy 0369","PRIVATE_HOSPITAL","Bhubaneswar","Bhubaneswar","Odisha","SYN-FAC-OD-0369","PENDING","SYNTHETIC_REFERENCE"
"FAC-OD-0370","NeuroCare Reference Clinic 0370","CLINIC","Rourkela","Rourkela","Odisha","SYN-FAC-OD-0370","VERIFIED","SYNTHETIC_REFERENCE"
"FAC-OD-0371","NeuroCare Reference Wellness Centre 0371","PRIVATE_HOSPITAL","Cuttack","Cuttack","Odisha","SYN-FAC-OD-0371","PENDING","SYNTHETIC_REFERENCE"
"FAC-OD-0372","NeuroCare Reference Hospital 0372","PRIVATE_HOSPITAL","Rourkela","Rourkela","Odisha","SYN-FAC-OD-0372","VERIFIED","SYNTHETIC_REFERENCE"
"FAC-OD-0373","NeuroCare Reference Clinic 0373","CLINIC","Cuttack","Cuttack","Odisha","SYN-FAC-OD-0373","PENDING","SYNTHETIC_REFERENCE"
"FAC-OD-0374","NeuroCare Reference Healthcare Centre 0374","HEALTHCARE_CENTRE","Rourkela","Rourkela","Odisha","SYN-FAC-OD-0374","PENDING","SYNTHETIC_REFERENCE"
"FAC-OD-0375","NeuroCare Reference Clinic 0375","CLINIC","Cuttack","Cuttack","Odisha","SYN-FAC-OD-0375","VERIFIED","SYNTHETIC_REFERENCE"
"FAC-BR-0376","NeuroCare Reference Government Hospital 0376","GOVERNMENT_HOSPITAL","Gaya","Gaya","Bihar","SYN-FAC-BR-0376","PENDING","SYNTHETIC_REFERENCE"
"FAC-BR-0377","NeuroCare Reference Government Hospital 0377","GOVERNMENT_HOSPITAL","Patna","Patna","Bihar","SYN-FAC-BR-0377","PENDING","SYNTHETIC_REFERENCE"
"FAC-BR-0378","NeuroCare Reference Specialty Hospital 0378","SPECIALTY_HOSPITAL","Patna","Patna","Bihar","SYN-FAC-BR-0378","VERIFIED","SYNTHETIC_REFERENCE"
"FAC-BR-0379","NeuroCare Reference Specialty Hospital 0379","SPECIALTY_HOSPITAL","Patna","Patna","Bihar","SYN-FAC-BR-0379","VERIFIED","SYNTHETIC_REFERENCE"
"FAC-BR-0380","NeuroCare Reference Medical College & Hospital 0380","MEDICAL_COLLEGE_HOSPITAL","Gaya","Gaya","Bihar","SYN-FAC-BR-0380","VERIFIED","SYNTHETIC_REFERENCE"
"FAC-BR-0381","NeuroCare Reference Specialty Hospital 0381","SPECIALTY_HOSPITAL","Muzaffarpur","Muzaffarpur","Bihar","SYN-FAC-BR-0381","VERIFIED","SYNTHETIC_REFERENCE"
"FAC-BR-0382","NeuroCare Reference Government Hospital 0382","GOVERNMENT_HOSPITAL","Muzaffarpur","Muzaffarpur","Bihar","SYN-FAC-BR-0382","VERIFIED","SYNTHETIC_REFERENCE"
"FAC-BR-0383","NeuroCare Reference Medical Institute 0383","PRIVATE_HOSPITAL","Patna","Patna","Bihar","SYN-FAC-BR-0383","VERIFIED","SYNTHETIC_REFERENCE"
"FAC-BR-0384","NeuroCare Reference Healthcare Centre 0384","HEALTHCARE_CENTRE","Patna","Patna","Bihar","SYN-FAC-BR-0384","PENDING","SYNTHETIC_REFERENCE"
"FAC-BR-0385","NeuroCare Reference Healthcare Centre 0385","HEALTHCARE_CENTRE","Patna","Patna","Bihar","SYN-FAC-BR-0385","VERIFIED","SYNTHETIC_REFERENCE"
"FAC-BR-0386","NeuroCare Reference Healthcare Institute 0386","PRIVATE_HOSPITAL","Patna","Patna","Bihar","SYN-FAC-BR-0386","VERIFIED","SYNTHETIC_REFERENCE"
"FAC-BR-0387","NeuroCare Reference Clinic 0387","CLINIC","Patna","Patna","Bihar","SYN-FAC-BR-0387","VERIFIED","SYNTHETIC_REFERENCE"
"FAC-BR-0388","NeuroCare Reference Medical College & Hospital 0388","MEDICAL_COLLEGE_HOSPITAL","Muzaffarpur","Muzaffarpur","Bihar","SYN-FAC-BR-0388","VERIFIED","SYNTHETIC_REFERENCE"
"FAC-BR-0389","NeuroCare Reference Government Hospital 0389","GOVERNMENT_HOSPITAL","Muzaffarpur","Muzaffarpur","Bihar","SYN-FAC-BR-0389","VERIFIED","SYNTHETIC_REFERENCE"
"FAC-BR-0390","NeuroCare Reference Government Hospital 0390","GOVERNMENT_HOSPITAL","Muzaffarpur","Muzaffarpur","Bihar","SYN-FAC-BR-0390","VERIFIED","SYNTHETIC_REFERENCE"
"FAC-BR-0391","NeuroCare Reference Medical College & Hospital 0391","MEDICAL_COLLEGE_HOSPITAL","Gaya","Gaya","Bihar","SYN-FAC-BR-0391","PENDING","SYNTHETIC_REFERENCE"
"FAC-BR-0392","NeuroCare Reference Clinic 0392","CLINIC","Muzaffarpur","Muzaffarpur","Bihar","SYN-FAC-BR-0392","VERIFIED","SYNTHETIC_REFERENCE"
"FAC-BR-0393","NeuroCare Reference Government Hospital 0393","GOVERNMENT_HOSPITAL","Patna","Patna","Bihar","SYN-FAC-BR-0393","VERIFIED","SYNTHETIC_REFERENCE"
"FAC-BR-0394","NeuroCare Reference Clinic 0394","CLINIC","Patna","Patna","Bihar","SYN-FAC-BR-0394","VERIFIED","SYNTHETIC_REFERENCE"
"FAC-BR-0395","NeuroCare Reference Specialty Hospital 0395","SPECIALTY_HOSPITAL","Muzaffarpur","Muzaffarpur","Bihar","SYN-FAC-BR-0395","VERIFIED","SYNTHETIC_REFERENCE"
"FAC-BR-0396","NeuroCare Reference Clinic 0396","CLINIC","Gaya","Gaya","Bihar","SYN-FAC-BR-0396","VERIFIED","SYNTHETIC_REFERENCE"
"FAC-BR-0397","NeuroCare Reference Specialty Hospital 0397","SPECIALTY_HOSPITAL","Patna","Patna","Bihar","SYN-FAC-BR-0397","VERIFIED","SYNTHETIC_REFERENCE"
"FAC-BR-0398","NeuroCare Reference Clinic 0398","CLINIC","Gaya","Gaya","Bihar","SYN-FAC-BR-0398","PENDING","SYNTHETIC_REFERENCE"
"FAC-BR-0399","NeuroCare Reference Healthcare Centre 0399","HEALTHCARE_CENTRE","Muzaffarpur","Muzaffarpur","Bihar","SYN-FAC-BR-0399","VERIFIED","SYNTHETIC_REFERENCE"
"FAC-BR-0400","NeuroCare Reference Healthcare Centre 0400","HEALTHCARE_CENTRE","Patna","Patna","Bihar","SYN-FAC-BR-0400","PENDING","SYNTHETIC_REFERENCE"
"FAC-JH-0401","NeuroCare Reference Government Hospital 0401","GOVERNMENT_HOSPITAL","Dhanbad","Dhanbad","Jharkhand","SYN-FAC-JH-0401","VERIFIED","SYNTHETIC_REFERENCE"
"FAC-JH-0402","NeuroCare Reference Specialty Hospital 0402","SPECIALTY_HOSPITAL","Jamshedpur","Jamshedpur","Jharkhand","SYN-FAC-JH-0402","VERIFIED","SYNTHETIC_REFERENCE"
"FAC-JH-0403","NeuroCare Reference Wellness Centre 0403","PRIVATE_HOSPITAL","Ranchi","Ranchi","Jharkhand","SYN-FAC-JH-0403","VERIFIED","SYNTHETIC_REFERENCE"
"FAC-JH-0404","NeuroCare Reference Specialty Hospital 0404","SPECIALTY_HOSPITAL","Ranchi","Ranchi","Jharkhand","SYN-FAC-JH-0404","VERIFIED","SYNTHETIC_REFERENCE"
"FAC-JH-0405","NeuroCare Reference Healthcare Centre 0405","HEALTHCARE_CENTRE","Dhanbad","Dhanbad","Jharkhand","SYN-FAC-JH-0405","VERIFIED","SYNTHETIC_REFERENCE"
"FAC-JH-0406","NeuroCare Reference Government Hospital 0406","GOVERNMENT_HOSPITAL","Dhanbad","Dhanbad","Jharkhand","SYN-FAC-JH-0406","PENDING","SYNTHETIC_REFERENCE"
"FAC-JH-0407","NeuroCare Reference Government Hospital 0407","GOVERNMENT_HOSPITAL","Ranchi","Ranchi","Jharkhand","SYN-FAC-JH-0407","VERIFIED","SYNTHETIC_REFERENCE"
"FAC-JH-0408","NeuroCare Reference Medical College & Hospital 0408","MEDICAL_COLLEGE_HOSPITAL","Dhanbad","Dhanbad","Jharkhand","SYN-FAC-JH-0408","VERIFIED","SYNTHETIC_REFERENCE"
"FAC-JH-0409","NeuroCare Reference Medical College & Hospital 0409","MEDICAL_COLLEGE_HOSPITAL","Ranchi","Ranchi","Jharkhand","SYN-FAC-JH-0409","PENDING","SYNTHETIC_REFERENCE"
"FAC-JH-0410","NeuroCare Reference Healthcare Centre 0410","HEALTHCARE_CENTRE","Jamshedpur","Jamshedpur","Jharkhand","SYN-FAC-JH-0410","VERIFIED","SYNTHETIC_REFERENCE"
"FAC-JH-0411","NeuroCare Reference Healthcare Centre 0411","HEALTHCARE_CENTRE","Ranchi","Ranchi","Jharkhand","SYN-FAC-JH-0411","VERIFIED","SYNTHETIC_REFERENCE"
"FAC-JH-0412","NeuroCare Reference Clinic 0412","CLINIC","Jamshedpur","Jamshedpur","Jharkhand","SYN-FAC-JH-0412","VERIFIED","SYNTHETIC_REFERENCE"
"FAC-JH-0413","NeuroCare Reference Medical Academy 0413","PRIVATE_HOSPITAL","Ranchi","Ranchi","Jharkhand","SYN-FAC-JH-0413","VERIFIED","SYNTHETIC_REFERENCE"
"FAC-JH-0414","NeuroCare Reference Medical College & Hospital 0414","MEDICAL_COLLEGE_HOSPITAL","Dhanbad","Dhanbad","Jharkhand","SYN-FAC-JH-0414","VERIFIED","SYNTHETIC_REFERENCE"
"FAC-JH-0415","NeuroCare Reference Healthcare Centre 0415","HEALTHCARE_CENTRE","Dhanbad","Dhanbad","Jharkhand","SYN-FAC-JH-0415","PENDING","SYNTHETIC_REFERENCE"
"FAC-JH-0416","NeuroCare Reference Government Hospital 0416","GOVERNMENT_HOSPITAL","Ranchi","Ranchi","Jharkhand","SYN-FAC-JH-0416","VERIFIED","SYNTHETIC_REFERENCE"
"FAC-JH-0417","NeuroCare Reference Healthcare Centre 0417","HEALTHCARE_CENTRE","Jamshedpur","Jamshedpur","Jharkhand","SYN-FAC-JH-0417","PENDING","SYNTHETIC_REFERENCE"
"FAC-JH-0418","NeuroCare Reference Healthcare Centre 0418","HEALTHCARE_CENTRE","Jamshedpur","Jamshedpur","Jharkhand","SYN-FAC-JH-0418","VERIFIED","SYNTHETIC_REFERENCE"
"FAC-JH-0419","NeuroCare Reference Medical College & Hospital 0419","MEDICAL_COLLEGE_HOSPITAL","Jamshedpur","Jamshedpur","Jharkhand","SYN-FAC-JH-0419","VERIFIED","SYNTHETIC_REFERENCE"
"FAC-JH-0420","NeuroCare Reference Specialty Hospital 0420","PRIVATE_HOSPITAL","Dhanbad","Dhanbad","Jharkhand","SYN-FAC-JH-0420","PENDING","SYNTHETIC_REFERENCE"
"FAC-JH-0421","NeuroCare Reference Healthcare Centre 0421","HEALTHCARE_CENTRE","Ranchi","Ranchi","Jharkhand","SYN-FAC-JH-0421","PENDING","SYNTHETIC_REFERENCE"
"FAC-JH-0422","NeuroCare Reference Specialty Hospital 0422","SPECIALTY_HOSPITAL","Dhanbad","Dhanbad","Jharkhand","SYN-FAC-JH-0422","VERIFIED","SYNTHETIC_REFERENCE"
"FAC-JH-0423","NeuroCare Reference Hospital 0423","PRIVATE_HOSPITAL","Jamshedpur","Jamshedpur","Jharkhand","SYN-FAC-JH-0423","PENDING","SYNTHETIC_REFERENCE"
"FAC-JH-0424","NeuroCare Reference Specialty Hospital 0424","SPECIALTY_HOSPITAL","Jamshedpur","Jamshedpur","Jharkhand","SYN-FAC-JH-0424","PENDING","SYNTHETIC_REFERENCE"
"FAC-JH-0425","NeuroCare Reference Clinic 0425","CLINIC","Jamshedpur","Jamshedpur","Jharkhand","SYN-FAC-JH-0425","VERIFIED","SYNTHETIC_REFERENCE"
"FAC-AS-0426","NeuroCare Reference Clinic 0426","CLINIC","Guwahati","Guwahati","Assam","SYN-FAC-AS-0426","VERIFIED","SYNTHETIC_REFERENCE"
"FAC-AS-0427","NeuroCare Reference Government Hospital 0427","GOVERNMENT_HOSPITAL","Silchar","Silchar","Assam","SYN-FAC-AS-0427","VERIFIED","SYNTHETIC_REFERENCE"
"FAC-AS-0428","NeuroCare Reference Clinic 0428","CLINIC","Guwahati","Guwahati","Assam","SYN-FAC-AS-0428","VERIFIED","SYNTHETIC_REFERENCE"
"FAC-AS-0429","NeuroCare Reference Government Hospital 0429","GOVERNMENT_HOSPITAL","Guwahati","Guwahati","Assam","SYN-FAC-AS-0429","VERIFIED","SYNTHETIC_REFERENCE"
"FAC-AS-0430","NeuroCare Reference Hospital 0430","PRIVATE_HOSPITAL","Dibrugarh","Dibrugarh","Assam","SYN-FAC-AS-0430","PENDING","SYNTHETIC_REFERENCE"
"FAC-AS-0431","NeuroCare Reference Specialty Hospital 0431","SPECIALTY_HOSPITAL","Dibrugarh","Dibrugarh","Assam","SYN-FAC-AS-0431","VERIFIED","SYNTHETIC_REFERENCE"
"FAC-AS-0432","NeuroCare Reference Medical College & Hospital 0432","MEDICAL_COLLEGE_HOSPITAL","Silchar","Silchar","Assam","SYN-FAC-AS-0432","PENDING","SYNTHETIC_REFERENCE"
"FAC-AS-0433","NeuroCare Reference Specialty Hospital 0433","SPECIALTY_HOSPITAL","Silchar","Silchar","Assam","SYN-FAC-AS-0433","PENDING","SYNTHETIC_REFERENCE"
"FAC-AS-0434","NeuroCare Reference Medical College & Hospital 0434","MEDICAL_COLLEGE_HOSPITAL","Dibrugarh","Dibrugarh","Assam","SYN-FAC-AS-0434","VERIFIED","SYNTHETIC_REFERENCE"
"FAC-AS-0435","NeuroCare Reference Medical College & Hospital 0435","MEDICAL_COLLEGE_HOSPITAL","Guwahati","Guwahati","Assam","SYN-FAC-AS-0435","VERIFIED","SYNTHETIC_REFERENCE"
"FAC-AS-0436","NeuroCare Reference Government Hospital 0436","GOVERNMENT_HOSPITAL","Guwahati","Guwahati","Assam","SYN-FAC-AS-0436","VERIFIED","SYNTHETIC_REFERENCE"
"FAC-AS-0437","NeuroCare Reference Specialty Hospital 0437","SPECIALTY_HOSPITAL","Guwahati","Guwahati","Assam","SYN-FAC-AS-0437","VERIFIED","SYNTHETIC_REFERENCE"
"FAC-AS-0438","NeuroCare Reference Healthcare Centre 0438","HEALTHCARE_CENTRE","Dibrugarh","Dibrugarh","Assam","SYN-FAC-AS-0438","VERIFIED","SYNTHETIC_REFERENCE"
"FAC-AS-0439","NeuroCare Reference Healthcare Centre 0439","HEALTHCARE_CENTRE","Silchar","Silchar","Assam","SYN-FAC-AS-0439","VERIFIED","SYNTHETIC_REFERENCE"
"FAC-AS-0440","NeuroCare Reference Medical Foundation 0440","PRIVATE_HOSPITAL","Guwahati","Guwahati","Assam","SYN-FAC-AS-0440","VERIFIED","SYNTHETIC_REFERENCE"
"FAC-AS-0441","NeuroCare Reference Medical College & Hospital 0441","MEDICAL_COLLEGE_HOSPITAL","Silchar","Silchar","Assam","SYN-FAC-AS-0441","VERIFIED","SYNTHETIC_REFERENCE"
"FAC-AS-0442","NeuroCare Reference Government Hospital 0442","GOVERNMENT_HOSPITAL","Silchar","Silchar","Assam","SYN-FAC-AS-0442","VERIFIED","SYNTHETIC_REFERENCE"
"FAC-AS-0443","NeuroCare Reference Medical College & Hospital 0443","MEDICAL_COLLEGE_HOSPITAL","Silchar","Silchar","Assam","SYN-FAC-AS-0443","VERIFIED","SYNTHETIC_REFERENCE"
"FAC-AS-0444","NeuroCare Reference Specialty Hospital 0444","SPECIALTY_HOSPITAL","Dibrugarh","Dibrugarh","Assam","SYN-FAC-AS-0444","VERIFIED","SYNTHETIC_REFERENCE"
"FAC-AS-0445","NeuroCare Reference Specialty Hospital 0445","SPECIALTY_HOSPITAL","Dibrugarh","Dibrugarh","Assam","SYN-FAC-AS-0445","PENDING","SYNTHETIC_REFERENCE"
"FAC-AS-0446","NeuroCare Reference Government Hospital 0446","GOVERNMENT_HOSPITAL","Silchar","Silchar","Assam","SYN-FAC-AS-0446","VERIFIED","SYNTHETIC_REFERENCE"
"FAC-AS-0447","NeuroCare Reference Specialty Hospital 0447","SPECIALTY_HOSPITAL","Dibrugarh","Dibrugarh","Assam","SYN-FAC-AS-0447","VERIFIED","SYNTHETIC_REFERENCE"
"FAC-AS-0448","NeuroCare Reference Medical Centre 0448","PRIVATE_HOSPITAL","Silchar","Silchar","Assam","SYN-FAC-AS-0448","VERIFIED","SYNTHETIC_REFERENCE"
"FAC-AS-0449","NeuroCare Reference Clinic 0449","CLINIC","Guwahati","Guwahati","Assam","SYN-FAC-AS-0449","VERIFIED","SYNTHETIC_REFERENCE"
"FAC-AS-0450","NeuroCare Reference Clinic 0450","CLINIC","Dibrugarh","Dibrugarh","Assam","SYN-FAC-AS-0450","VERIFIED","SYNTHETIC_REFERENCE"
"FAC-HP-0451","NeuroCare Reference Healthcare Centre 0451","HEALTHCARE_CENTRE","Dharamshala","Dharamshala","Himachal Pradesh","SYN-FAC-HP-0451","VERIFIED","SYNTHETIC_REFERENCE"
"FAC-HP-0452","NeuroCare Reference Government Hospital 0452","GOVERNMENT_HOSPITAL","Shimla","Shimla","Himachal Pradesh","SYN-FAC-HP-0452","VERIFIED","SYNTHETIC_REFERENCE"
"FAC-HP-0453","NeuroCare Reference Healthcare Centre 0453","HEALTHCARE_CENTRE","Kullu","Kullu","Himachal Pradesh","SYN-FAC-HP-0453","VERIFIED","SYNTHETIC_REFERENCE"
"FAC-HP-0454","NeuroCare Reference Medical College & Hospital 0454","MEDICAL_COLLEGE_HOSPITAL","Kullu","Kullu","Himachal Pradesh","SYN-FAC-HP-0454","VERIFIED","SYNTHETIC_REFERENCE"
"FAC-HP-0455","NeuroCare Reference Specialty Hospital 0455","SPECIALTY_HOSPITAL","Shimla","Shimla","Himachal Pradesh","SYN-FAC-HP-0455","VERIFIED","SYNTHETIC_REFERENCE"
"FAC-HP-0456","NeuroCare Reference Clinic 0456","CLINIC","Dharamshala","Dharamshala","Himachal Pradesh","SYN-FAC-HP-0456","PENDING","SYNTHETIC_REFERENCE"
"FAC-HP-0457","NeuroCare Reference Healthcare Centre 0457","HEALTHCARE_CENTRE","Dharamshala","Dharamshala","Himachal Pradesh","SYN-FAC-HP-0457","PENDING","SYNTHETIC_REFERENCE"
"FAC-HP-0458","NeuroCare Reference Specialty Hospital 0458","SPECIALTY_HOSPITAL","Shimla","Shimla","Himachal Pradesh","SYN-FAC-HP-0458","VERIFIED","SYNTHETIC_REFERENCE"
"FAC-HP-0459","NeuroCare Reference Medical College & Hospital 0459","MEDICAL_COLLEGE_HOSPITAL","Kullu","Kullu","Himachal Pradesh","SYN-FAC-HP-0459","PENDING","SYNTHETIC_REFERENCE"
"FAC-HP-0460","NeuroCare Reference Research Hospital 0460","PRIVATE_HOSPITAL","Kullu","Kullu","Himachal Pradesh","SYN-FAC-HP-0460","VERIFIED","SYNTHETIC_REFERENCE"
"FAC-HP-0461","NeuroCare Reference Healthcare Institute 0461","PRIVATE_HOSPITAL","Dharamshala","Dharamshala","Himachal Pradesh","SYN-FAC-HP-0461","PENDING","SYNTHETIC_REFERENCE"
"FAC-HP-0462","NeuroCare Reference Government Hospital 0462","GOVERNMENT_HOSPITAL","Shimla","Shimla","Himachal Pradesh","SYN-FAC-HP-0462","VERIFIED","SYNTHETIC_REFERENCE"
"FAC-HP-0463","NeuroCare Reference Government Hospital 0463","GOVERNMENT_HOSPITAL","Kullu","Kullu","Himachal Pradesh","SYN-FAC-HP-0463","VERIFIED","SYNTHETIC_REFERENCE"
"FAC-HP-0464","NeuroCare Reference Clinic 0464","CLINIC","Kullu","Kullu","Himachal Pradesh","SYN-FAC-HP-0464","PENDING","SYNTHETIC_REFERENCE"
"FAC-HP-0465","NeuroCare Reference Medical Centre 0465","PRIVATE_HOSPITAL","Shimla","Shimla","Himachal Pradesh","SYN-FAC-HP-0465","VERIFIED","SYNTHETIC_REFERENCE"
"FAC-HP-0466","NeuroCare Reference Clinic 0466","CLINIC","Kullu","Kullu","Himachal Pradesh","SYN-FAC-HP-0466","VERIFIED","SYNTHETIC_REFERENCE"
"FAC-HP-0467","NeuroCare Reference Specialty Hospital 0467","SPECIALTY_HOSPITAL","Dharamshala","Dharamshala","Himachal Pradesh","SYN-FAC-HP-0467","VERIFIED","SYNTHETIC_REFERENCE"
"FAC-HP-0468","NeuroCare Reference Specialty Hospital 0468","SPECIALTY_HOSPITAL","Shimla","Shimla","Himachal Pradesh","SYN-FAC-HP-0468","VERIFIED","SYNTHETIC_REFERENCE"
"FAC-HP-0469","NeuroCare Reference Government Hospital 0469","GOVERNMENT_HOSPITAL","Kullu","Kullu","Himachal Pradesh","SYN-FAC-HP-0469","VERIFIED","SYNTHETIC_REFERENCE"
"FAC-HP-0470","NeuroCare Reference Medical College & Hospital 0470","MEDICAL_COLLEGE_HOSPITAL","Dharamshala","Dharamshala","Himachal Pradesh","SYN-FAC-HP-0470","VERIFIED","SYNTHETIC_REFERENCE"
"FAC-HP-0471","NeuroCare Reference Specialty Hospital 0471","SPECIALTY_HOSPITAL","Dharamshala","Dharamshala","Himachal Pradesh","SYN-FAC-HP-0471","VERIFIED","SYNTHETIC_REFERENCE"
"FAC-HP-0472","NeuroCare Reference Hospital 0472","PRIVATE_HOSPITAL","Dharamshala","Dharamshala","Himachal Pradesh","SYN-FAC-HP-0472","VERIFIED","SYNTHETIC_REFERENCE"
"FAC-HP-0473","NeuroCare Reference Healthcare Centre 0473","HEALTHCARE_CENTRE","Shimla","Shimla","Himachal Pradesh","SYN-FAC-HP-0473","VERIFIED","SYNTHETIC_REFERENCE"
"FAC-HP-0474","NeuroCare Reference Healthcare Centre 0474","HEALTHCARE_CENTRE","Dharamshala","Dharamshala","Himachal Pradesh","SYN-FAC-HP-0474","VERIFIED","SYNTHETIC_REFERENCE"
"FAC-HP-0475","NeuroCare Reference Medical College & Hospital 0475","MEDICAL_COLLEGE_HOSPITAL","Shimla","Shimla","Himachal Pradesh","SYN-FAC-HP-0475","VERIFIED","SYNTHETIC_REFERENCE"
"FAC-CG-0476","NeuroCare Reference Specialty Hospital 0476","SPECIALTY_HOSPITAL","Bhilai","Bhilai","Chhattisgarh","SYN-FAC-CG-0476","PENDING","SYNTHETIC_REFERENCE"
"FAC-CG-0477","NeuroCare Reference Medical College & Hospital 0477","MEDICAL_COLLEGE_HOSPITAL","Bhilai","Bhilai","Chhattisgarh","SYN-FAC-CG-0477","VERIFIED","SYNTHETIC_REFERENCE"
"FAC-CG-0478","NeuroCare Reference Government Hospital 0478","GOVERNMENT_HOSPITAL","Bilaspur","Bilaspur","Chhattisgarh","SYN-FAC-CG-0478","PENDING","SYNTHETIC_REFERENCE"
"FAC-CG-0479","NeuroCare Reference Specialty Hospital 0479","SPECIALTY_HOSPITAL","Bhilai","Bhilai","Chhattisgarh","SYN-FAC-CG-0479","VERIFIED","SYNTHETIC_REFERENCE"
"FAC-CG-0480","NeuroCare Reference Specialty Hospital 0480","PRIVATE_HOSPITAL","Bilaspur","Bilaspur","Chhattisgarh","SYN-FAC-CG-0480","PENDING","SYNTHETIC_REFERENCE"
"FAC-CG-0481","NeuroCare Reference Specialty Hospital 0481","SPECIALTY_HOSPITAL","Bilaspur","Bilaspur","Chhattisgarh","SYN-FAC-CG-0481","VERIFIED","SYNTHETIC_REFERENCE"
"FAC-CG-0482","NeuroCare Reference Specialty Hospital 0482","SPECIALTY_HOSPITAL","Bilaspur","Bilaspur","Chhattisgarh","SYN-FAC-CG-0482","VERIFIED","SYNTHETIC_REFERENCE"
"FAC-CG-0483","NeuroCare Reference Healthcare Centre 0483","HEALTHCARE_CENTRE","Bilaspur","Bilaspur","Chhattisgarh","SYN-FAC-CG-0483","PENDING","SYNTHETIC_REFERENCE"
"FAC-CG-0484","NeuroCare Reference Medical College & Hospital 0484","MEDICAL_COLLEGE_HOSPITAL","Bilaspur","Bilaspur","Chhattisgarh","SYN-FAC-CG-0484","VERIFIED","SYNTHETIC_REFERENCE"
"FAC-CG-0485","NeuroCare Reference Specialty Hospital 0485","SPECIALTY_HOSPITAL","Bilaspur","Bilaspur","Chhattisgarh","SYN-FAC-CG-0485","PENDING","SYNTHETIC_REFERENCE"
"FAC-CG-0486","NeuroCare Reference Government Hospital 0486","GOVERNMENT_HOSPITAL","Bhilai","Bhilai","Chhattisgarh","SYN-FAC-CG-0486","PENDING","SYNTHETIC_REFERENCE"
"FAC-CG-0487","NeuroCare Reference Medical Foundation 0487","PRIVATE_HOSPITAL","Raipur","Raipur","Chhattisgarh","SYN-FAC-CG-0487","VERIFIED","SYNTHETIC_REFERENCE"
"FAC-CG-0488","NeuroCare Reference Specialty Hospital 0488","SPECIALTY_HOSPITAL","Bhilai","Bhilai","Chhattisgarh","SYN-FAC-CG-0488","PENDING","SYNTHETIC_REFERENCE"
"FAC-CG-0489","NeuroCare Reference Medical College & Hospital 0489","MEDICAL_COLLEGE_HOSPITAL","Bhilai","Bhilai","Chhattisgarh","SYN-FAC-CG-0489","VERIFIED","SYNTHETIC_REFERENCE"
"FAC-CG-0490","NeuroCare Reference Medical Centre 0490","PRIVATE_HOSPITAL","Bilaspur","Bilaspur","Chhattisgarh","SYN-FAC-CG-0490","VERIFIED","SYNTHETIC_REFERENCE"
"FAC-CG-0491","NeuroCare Reference Clinic 0491","CLINIC","Raipur","Raipur","Chhattisgarh","SYN-FAC-CG-0491","VERIFIED","SYNTHETIC_REFERENCE"
"FAC-CG-0492","NeuroCare Reference Wellness Centre 0492","PRIVATE_HOSPITAL","Bhilai","Bhilai","Chhattisgarh","SYN-FAC-CG-0492","PENDING","SYNTHETIC_REFERENCE"
"FAC-CG-0493","NeuroCare Reference Medical College & Hospital 0493","MEDICAL_COLLEGE_HOSPITAL","Bilaspur","Bilaspur","Chhattisgarh","SYN-FAC-CG-0493","VERIFIED","SYNTHETIC_REFERENCE"
"FAC-CG-0494","NeuroCare Reference Healthcare Centre 0494","HEALTHCARE_CENTRE","Raipur","Raipur","Chhattisgarh","SYN-FAC-CG-0494","PENDING","SYNTHETIC_REFERENCE"
"FAC-CG-0495","NeuroCare Reference Medical Centre 0495","PRIVATE_HOSPITAL","Bilaspur","Bilaspur","Chhattisgarh","SYN-FAC-CG-0495","VERIFIED","SYNTHETIC_REFERENCE"
"FAC-CG-0496","NeuroCare Reference Health Centre 0496","PRIVATE_HOSPITAL","Bhilai","Bhilai","Chhattisgarh","SYN-FAC-CG-0496","VERIFIED","SYNTHETIC_REFERENCE"
"FAC-CG-0497","NeuroCare Reference Medical College & Hospital 0497","MEDICAL_COLLEGE_HOSPITAL","Bhilai","Bhilai","Chhattisgarh","SYN-FAC-CG-0497","VERIFIED","SYNTHETIC_REFERENCE"
"FAC-CG-0498","NeuroCare Reference Healthcare Centre 0498","HEALTHCARE_CENTRE","Raipur","Raipur","Chhattisgarh","SYN-FAC-CG-0498","VERIFIED","SYNTHETIC_REFERENCE"
"FAC-CG-0499","NeuroCare Reference Healthcare Centre 0499","HEALTHCARE_CENTRE","Bhilai","Bhilai","Chhattisgarh","SYN-FAC-CG-0499","PENDING","SYNTHETIC_REFERENCE"
"FAC-CG-0500","NeuroCare Reference Specialty Hospital 0500","SPECIALTY_HOSPITAL","Bilaspur","Bilaspur","Chhattisgarh","SYN-FAC-CG-0500","PENDING","SYNTHETIC_REFERENCE"
